net,length_um
_0885_,1312.985
_0916_,1063.62
_1787_,1049.74
_0914_,1011.035
_0887_,930.12
net13,918.37
_0745_,866.56
_0770_,847.055
net817,814.965
_0875_,809.15
_0747_,799.66
net812,795.8
_2174_,795.08
_0828_,788.36
_0867_,772.63
_1534_,763.68
_0861_,743.09
_2387_,734.28
_0769_,733.795
_0755_,714.405
_1714_,704.92
net816,700.565
net815,698.435
_0833_,697.475
_0754_,696.36
_0819_,678.13
_1152_,673.73
net814,666.9
net74,665.995
_1273_,626.88
_1725_,619.71
_2258_,612.105
clknet_0_clk,609.43
_2071_,600.6
_1144_,596.99
net813,588.98
net819,588.455
_2571_,580.915
net818,577.09
_1661_,563.385
_2740_,549.4
_0836_,532.085
_0864_,528.325
_0756_,524.22
_1655_,521.08
_2592_,519.625
_2738_,509.88
_0837_,500.95
_1666_,483.32
_2469_,482.28
_1258_,474.99
_0722_,472.975
_1004_,470.17
_0855_,457.215
_2336_,450.56
_0834_,441.21
net49,440.25
_1665_,435.96
_0996_,433.29
_2144_,432.18
_1138_,426.6
net19,419
clknet_3_1__leaf_clk,418.425
clknet_3_0__leaf_clk,410
clknet_3_6__leaf_clk,400.75
clknet_3_3__leaf_clk,400.31
clknet_3_4__leaf_clk,400.14
_1392_,394.52
_0734_,379.01
net72,375.89
net50,372.84
_2600_,366.2
net75,359.92
clknet_3_5__leaf_clk,359.48
net14,353.32
net76,339.97
_1145_,339.315
_1399_,335.88
clknet_3_7__leaf_clk,334.58
_0730_,329.08
clknet_3_2__leaf_clk,328.09
net52,326.26
clk,318.7
_1275_,315.75
_3130_,310.86
_2463_,308.65
net71,308.13
_0758_,305.81
_1818_,299.14
_0913_,297.915
_0866_,297.35
net73,297.045
u_pe_array.g_pe_row\[0\].g_pe_col\[3\].u_pe.w_buffer\[0\],296.07
_2478_,292.915
_3132_,292.9
_1524_,289.67
_0827_,288.62
_2743_,287.515
_1407_,283.275
net10,278.78
net51,275.19
_0728_,274.92
net45,272.98
net57,271.59
_3397_,270.585
net21,269.1
_1812_,261.2
_3134_,259.78
_2345_,259.74
_1009_,259.15
_3126_,258.44
_3269_,258.185
_1816_,258
_2029_,257.87
_1814_,256.28
net38,255
_2992_,251.83
_3110_,249.555
net16,248.36
_3412_,248.02
_1847_,243.58
net5,241.46
_3239_,239.68
net17,234.44
_1820_,234.075
_3382_,234.06
_0729_,232.93
_1672_,229.085
_3427_,228.04
_1536_,227.66
net6,227.4
_1808_,226.3
_0869_,226.055
_3208_,225.98
_2611_,225.65
_2009_,222.28
net3,220.81
_0990_,218.83
_3128_,216.64
net47,216.05
u_fsm.psum_shift_en,215.69
_3224_,214.54
_1796_,208.81
_2873_,206.835
net58,205.62
_1985_,204.49
_3366_,203.48
_2017_,203.045
_0832_,201.245
_1993_,198.63
u_pe_array.g_pe_row\[1\].g_pe_col\[0\].u_pe.w_reg\[0\],197.72
_2158_,195.525
_1810_,194.44
_0788_,193.26
net18,191.14
net32,189.26
_0992_,189.14
_0764_,189.12
net60,186.38
net12,183.2
_0766_,182.46
_3254_,181.54
net55,178.62
net1,176.08
net35,174.16
_2001_,169.02
u_pe_array.g_pe_row\[1\].g_pe_col\[1\].u_pe.w_reg\[0\],168.675
_0768_,168.58
net33,167.04
net34,162.68
_2273_,160.445
_0988_,159.68
u_pe_array.g_pe_row\[3\].g_pe_col\[0\].u_pe.w_reg\[0\],156.04
_2322_,155.96
_1977_,155.63
clknet_leaf_0_clk,154.12
_1806_,153.835
net24,153.32
_2330_,152.93
net37,148.74
net9,148.09
_0787_,146.63
_3120_,146.04
net56,146.02
u_pe_array.g_pe_row\[3\].g_pe_col\[3\].u_pe.act_val\[3\],144.45
_0762_,139.94
net105,138.18
net11,137.4
clknet_leaf_92_clk,137.06
_2314_,136.445
_1830_,136.06
u_pe_array.g_pe_row\[2\].g_pe_col\[2\].u_pe.w_buffer\[0\],134.51
u_pe_array.g_pe_row\[3\].g_pe_col\[3\].u_pe.act_val\[2\],134.38
_1126_,133.1
_0986_,132.83
u_pe_array.g_pe_row\[2\].g_pe_col\[3\].u_pe.w_reg\[0\],132.275
clknet_leaf_42_clk,131.04
net29,130.18
_1834_,127.22
clknet_leaf_93_clk,126.86
_1826_,125.72
_2298_,125.7
clknet_leaf_2_clk,124.52
_2306_,124.2
net27,124.12
_3122_,123.76
u_pe_array.g_pe_row\[2\].g_pe_col\[0\].u_pe.move_reg\[8\],123.62
u_pe_array.g_pe_row\[2\].g_pe_col\[0\].u_pe.move_reg\[7\],122.54
_3124_,121.74
_0743_,120.075
clknet_leaf_3_clk,119.795
net25,119.62
net26,117.86
u_pe_array.g_pe_row\[1\].g_pe_col\[0\].u_pe.act_val\[4\],117.705
_1130_,117.66
clknet_leaf_25_clk,117.38
_1832_,116.94
net54,116.68
u_pe_array.g_pe_row\[2\].g_pe_col\[0\].u_pe.move_reg\[6\],116.46
_1973_,115.815
clknet_leaf_17_clk,115.175
net2,114.8
net31,114.62
u_pe_array.g_pe_row\[1\].g_pe_col\[1\].u_pe.w_buffer\[0\],114.38
_1829_,114.18
u_pe_array.g_pe_row\[2\].g_pe_col\[2\].u_pe.w_reg\[0\],113.92
_2290_,113.72
u_pe_array.g_pe_row\[3\].g_pe_col\[3\].u_pe.act_val\[5\],112.94
_0844_,112.85
clknet_leaf_27_clk,111.26
_3287_,110.26
_1825_,109.58
net8,109.38
net69,108.72
clknet_leaf_79_clk,108.64
_0741_,108.5
_3283_,106.64
_1802_,104.54
net63,104.04
u_pe_array.g_pe_row\[3\].g_pe_col\[2\].u_pe.w_reg\[0\],103.82
clknet_leaf_22_clk,103.42
clknet_leaf_37_clk,103.4
net15,101.4
clknet_leaf_39_clk,101.16
clknet_leaf_26_clk,100.56
clknet_leaf_12_clk,100.46
clknet_leaf_62_clk,99.56
clknet_leaf_78_clk,99.44
clknet_leaf_64_clk,98.72
clknet_leaf_48_clk,98.16
_3284_,97.2
u_pe_array.g_pe_row\[0\].g_pe_col\[2\].u_pe.w_reg\[0\],97.17
clknet_leaf_4_clk,96.46
u_pe_array.g_pe_row\[3\].g_pe_col\[2\].u_pe.act_val\[4\],95.48
net22,95.08
net65,94.94
_1971_,94.825
net61,94.68
_1800_,94.335
net7,93.82
u_pe_array.g_pe_row\[1\].g_pe_col\[0\].u_pe.act_val\[5\],93.8
u_pe_array.g_pe_row\[0\].g_pe_col\[1\].u_pe.w_reg\[0\],93.76
_3103_,93.24
u_pe_array.g_pe_row\[3\].g_pe_col\[1\].u_pe.w_reg\[0\],92.245
u_pe_array.g_pe_row\[2\].g_pe_col\[0\].u_pe.w_reg\[0\],91.98
net53,91.86
u_pe_array.g_pe_row\[1\].g_pe_col\[3\].u_pe.w_reg\[0\],90.975
u_pe_array.g_pe_row\[2\].g_pe_col\[0\].u_pe.psum_out\[7\],90.86
_3166_,90.72
_0994_,90.32
net28,90.18
clknet_leaf_90_clk,90.16
_1788_,89.8
u_pe_array.g_pe_row\[1\].g_pe_col\[1\].u_pe.w_buffer\[1\],89.64
clknet_leaf_36_clk,89.3
u_pe_array.g_pe_row\[1\].g_pe_col\[0\].u_pe.act_val\[1\],89.2
_1128_,89.06
clknet_leaf_7_clk,88.95
_3116_,86.7
net67,86.61
clknet_leaf_5_clk,86.58
u_pe_array.g_pe_row\[0\].g_pe_col\[0\].u_pe.w_reg\[0\],86.54
_1960_,86.175
u_pe_array.g_pe_row\[1\].g_pe_col\[0\].u_pe.act_val\[0\],85.98
_3114_,85.86
_1972_,85.85
_1804_,85.32
u_pe_array.g_pe_row\[1\].g_pe_col\[0\].u_pe.psum_out\[11\],85.135
u_pe_array.g_pe_row\[2\].g_pe_col\[2\].u_pe.act_val\[1\],84.88
u_pe_array.g_pe_row\[0\].g_pe_col\[1\].u_pe.psum_out\[12\],84.77
clknet_leaf_41_clk,84.76
clknet_leaf_47_clk,84.18
net48,83.96
net30,83.34
clknet_leaf_29_clk,82.44
_3112_,82.3
net103,82.22
_0717_,81.96
u_pe_array.g_pe_row\[2\].g_pe_col\[0\].u_pe.act_val\[0\],81.51
clknet_leaf_9_clk,81.48
u_pe_array.g_pe_row\[0\].g_pe_col\[0\].u_pe.psum_out\[11\],81.28
clknet_leaf_40_clk,80.84
_0760_,80.78
u_pe_array.u_fifo1.rd_ptr\[2\],80.78
u_pe_array.u_fifo2.rd_ptr\[0\],80.75
_1965_,80.68
_2286_,80.355
u_pe_array.g_pe_row\[0\].g_pe_col\[1\].u_pe.act_val\[2\],80.32
_1122_,80.14
u_pe_array.g_pe_row\[1\].g_pe_col\[3\].u_pe.psum_out\[7\],80.14
clknet_leaf_14_clk,79.74
_0739_,78.86
net39,78.78
clknet_leaf_80_clk,78.74
u_pe_array.g_pe_row\[3\].g_pe_col\[3\].u_pe.w_reg\[0\],78.605
_1966_,78.32
clknet_leaf_51_clk,78.08
u_pe_array.g_pe_row\[2\].g_pe_col\[2\].u_pe.psum_out\[7\],77.74
clknet_leaf_89_clk,77.535
clknet_leaf_56_clk,77.46
_3118_,77.36
u_pe_array.g_pe_row\[1\].g_pe_col\[2\].u_pe.w_reg\[0\],77.3
u_pe_array.g_pe_row\[0\].g_pe_col\[0\].u_pe.psum_out\[7\],77.24
u_pe_array.g_pe_row\[2\].g_pe_col\[1\].u_pe.act_val\[4\],77.24
net4,76.22
u_pe_array.g_pe_row\[0\].g_pe_col\[0\].u_pe.act_val\[4\],75.485
u_pe_array.g_pe_row\[0\].g_pe_col\[3\].u_pe.w_reg\[0\],75.445
clknet_leaf_81_clk,74.84
u_pe_array.g_pe_row\[2\].g_pe_col\[0\].u_pe.move_reg\[9\],74.54
u_pe_array.g_pe_row\[0\].g_pe_col\[3\].u_pe.w_buffer\[1\],74.52
clknet_leaf_61_clk,74.3
_3106_,74.16
_3194_,73.66
u_pe_array.g_pe_row\[3\].g_pe_col\[0\].u_pe.act_val\[0\],73.58
clknet_leaf_23_clk,73.52
clknet_leaf_87_clk,73.48
u_pe_array.g_pe_row\[1\].g_pe_col\[1\].u_pe.act_val\[4\],73.46
u_pe_array.g_pe_row\[0\].g_pe_col\[1\].u_pe.psum_out\[7\],73.405
u_pe_array.g_pe_row\[3\].g_pe_col\[0\].u_pe.psum_out\[7\],73.37
_1798_,73.34
_1001_,72.88
u_pe_array.g_pe_row\[1\].g_pe_col\[3\].u_pe.psum_out\[6\],72.62
u_pe_array.u_fifo1.rd_ptr\[0\],72.26
_1132_,72.22
clknet_leaf_38_clk,72.04
_2278_,71.985
_3324_,71.46
clknet_leaf_77_clk,71.36
clknet_leaf_45_clk,71.24
_0842_,71.165
clknet_leaf_19_clk,70.94
_1970_,70.36
net70,70.28
clknet_leaf_21_clk,69.94
clknet_leaf_83_clk,69.88
clknet_leaf_85_clk,69.86
u_pe_array.g_pe_row\[2\].g_pe_col\[0\].u_pe.psum_out\[8\],69.82
clknet_leaf_65_clk,69.82
clknet_leaf_20_clk,69.76
clknet_leaf_1_clk,69.6
clknet_leaf_76_clk,68.98
u_pe_array.g_pe_row\[2\].g_pe_col\[1\].u_pe.act_val\[3\],68.82
net46,68.36
clknet_leaf_67_clk,67.72
_1828_,67.62
_2279_,67.06
clknet_leaf_8_clk,67.04
_0851_,66.685
u_pe_array.g_pe_row\[0\].g_pe_col\[0\].u_pe.psum_out\[6\],66.38
u_pe_array.g_pe_row\[2\].g_pe_col\[1\].u_pe.w_reg\[0\],66.345
_2285_,66.06
_2333_,66
u_pe_array.g_pe_row\[2\].g_pe_col\[0\].u_pe.act_val\[2\],65.8
u_pe_array.g_pe_row\[2\].g_pe_col\[1\].u_pe.psum_out\[7\],65.38
u_pe_array.g_pe_row\[0\].g_pe_col\[0\].u_pe.move_reg\[12\],64.52
_1792_,64.46
_3288_,64.46
net23,64.35
_2283_,64.28
u_pe_array.g_pe_row\[2\].g_pe_col\[0\].u_pe.act_val\[5\],64.14
clknet_leaf_52_clk,63.88
u_pe_array.g_pe_row\[0\].g_pe_col\[0\].u_pe.move_reg\[10\],63.64
u_pe_array.g_pe_row\[2\].g_pe_col\[2\].u_pe.act_val\[0\],63.64
u_pe_array.u_fifo1.wr_ptr\[1\],63.4
u_pe_array.g_pe_row\[2\].g_pe_col\[0\].u_pe.act_val\[1\],63.18
_1969_,63.105
u_pe_array.g_pe_row\[3\].g_pe_col\[3\].u_pe.act_val\[4\],63.02
clknet_leaf_75_clk,63.02
u_pe_array.g_pe_row\[1\].g_pe_col\[1\].u_pe.w_reg\[1\],62.7
clknet_leaf_13_clk,62.66
_1962_,61.86
u_pe_array.g_pe_row\[0\].g_pe_col\[1\].u_pe.act_val\[3\],61.84
u_pe_array.g_pe_row\[1\].g_pe_col\[1\].u_pe.psum_out\[9\],61.73
u_pe_array.g_pe_row\[0\].g_pe_col\[0\].u_pe.act_val\[1\],61.7
_0719_,61.67
u_pe_array.u_fifo2.rd_ptr\[1\],61.605
clknet_leaf_16_clk,61.52
clknet_leaf_30_clk,61.42
u_pe_array.g_pe_row\[2\].g_pe_col\[0\].u_pe.act_val\[4\],61.08
net59,61.02
u_pe_array.g_pe_row\[2\].g_pe_col\[0\].u_pe.move_reg\[10\],60.98
u_pe_array.g_pe_row\[3\].g_pe_col\[3\].u_pe.act_val\[0\],60.95
_2280_,60.86
u_pe_array.g_pe_row\[3\].g_pe_col\[2\].u_pe.act_val\[2\],60.86
net68,60.755
_2307_,60.72
net66,60.62
u_pe_array.g_pe_row\[1\].g_pe_col\[0\].u_pe.psum_out\[7\],60.54
_0863_,60.5
clknet_leaf_91_clk,60.44
u_pe_array.g_pe_row\[3\].g_pe_col\[1\].u_pe.act_val\[5\],60.22
u_pe_array.g_pe_row\[0\].g_pe_col\[1\].u_pe.psum_out\[11\],60.205
u_pe_array.g_pe_row\[2\].g_pe_col\[3\].u_pe.act_val\[2\],59.76
_2726_,59.36
_1964_,59.02
clknet_leaf_63_clk,58.98
net64,58.76
net62,58.66
u_pe_array.g_pe_row\[1\].g_pe_col\[3\].u_pe.psum_out\[9\],58.64
u_pe_array.g_pe_row\[2\].g_pe_col\[3\].u_pe.act_val\[1\],58.64
clknet_leaf_53_clk,58.62
_1789_,58.54
clknet_leaf_66_clk,58.48
clknet_leaf_82_clk,58.48
u_pe_array.g_pe_row\[0\].g_pe_col\[0\].u_pe.act_val\[5\],58.46
clknet_leaf_86_clk,58.195
u_pe_array.u_fifo1.rd_ptr\[1\],58.09
_1124_,57.96
_0721_,57.72
u_pe_array.g_pe_row\[2\].g_pe_col\[1\].u_pe.act_val\[2\],57.52
_3306_,57.5
_2282_,57.44
clknet_leaf_58_clk,57.4
clknet_leaf_35_clk,57.36
_0761_,57.14
_2727_,57.11
clknet_leaf_54_clk,57.02
u_pe_array.g_pe_row\[1\].g_pe_col\[3\].u_pe.w_buffer\[0\],57
u_pe_array.g_pe_row\[2\].g_pe_col\[1\].u_pe.move_reg\[11\],56.9
_0718_,56.5
clknet_leaf_34_clk,56.36
_0763_,56.3
u_pe_array.g_pe_row\[0\].g_pe_col\[1\].u_pe.act_val\[0\],56.22
clknet_leaf_24_clk,56.18
clknet_leaf_44_clk,56.14
u_pe_array.u_fifo2.wr_ptr\[1\],56.12
_0848_,56.115
_2284_,56.07
_3146_,56.005
u_pe_array.g_pe_row\[3\].g_pe_col\[1\].u_pe.psum_out\[7\],55.92
_1002_,55.82
u_pe_array.g_pe_row\[0\].g_pe_col\[0\].u_pe.move_reg\[9\],55.82
u_pe_array.g_pe_row\[3\].g_pe_col\[2\].u_pe.act_val\[0\],55.82
net20,55.5
u_pe_array.g_pe_row\[0\].g_pe_col\[2\].u_pe.act_val\[2\],55.48
_0846_,54.5
clknet_leaf_49_clk,54.38
clknet_leaf_88_clk,53.92
u_pe_array.g_pe_row\[1\].g_pe_col\[0\].u_pe.w_reg\[1\],53.84
u_pe_array.g_pe_row\[1\].g_pe_col\[1\].u_pe.act_val\[5\],53.68
clknet_leaf_70_clk,53.6
u_pe_array.g_pe_row\[0\].g_pe_col\[3\].u_pe.act_val\[5\],53.54
u_pe_array.g_pe_row\[1\].g_pe_col\[0\].u_pe.act_val\[3\],53.26
u_pe_array.g_pe_row\[2\].g_pe_col\[0\].u_pe.psum_out\[6\],53.24
u_pe_array.g_pe_row\[3\].g_pe_col\[1\].u_pe.act_val\[1\],53.18
u_pe_array.g_pe_row\[0\].g_pe_col\[1\].u_pe.move_reg\[9\],53.12
_0838_,53.045
u_pe_array.g_pe_row\[3\].g_pe_col\[3\].u_pe.act_val\[1\],52.49
u_pe_array.g_pe_row\[0\].g_pe_col\[1\].u_pe.psum_out\[3\],52.48
clknet_leaf_6_clk,52.22
u_pe_array.g_pe_row\[2\].g_pe_col\[1\].u_pe.move_reg\[12\],52.1
u_pe_array.g_pe_row\[2\].g_pe_col\[3\].u_pe.act_val\[0\],51.84
u_pe_array.g_pe_row\[3\].g_pe_col\[0\].u_pe.act_val\[1\],51.64
u_pe_array.g_pe_row\[2\].g_pe_col\[3\].u_pe.w_reg\[1\],51.6
u_pe_array.g_pe_row\[1\].g_pe_col\[1\].u_pe.move_reg\[6\],51.16
u_pe_array.g_pe_row\[3\].g_pe_col\[0\].u_pe.psum_out\[10\],51.14
u_pe_array.g_pe_row\[0\].g_pe_col\[0\].u_pe.psum_out\[5\],50.92
_2315_,50.58
clknet_leaf_10_clk,50.38
u_pe_array.g_pe_row\[2\].g_pe_col\[2\].u_pe.psum_out\[10\],50.34
u_pe_array.g_pe_row\[0\].g_pe_col\[1\].u_pe.psum_out\[8\],50.27
u_pe_array.g_pe_row\[1\].g_pe_col\[1\].u_pe.psum_out\[7\],50.155
u_pe_array.g_pe_row\[2\].g_pe_col\[0\].u_pe.psum_out\[9\],50.06
u_pe_array.g_pe_row\[2\].g_pe_col\[1\].u_pe.act_val\[5\],50
u_pe_array.g_pe_row\[3\].g_pe_col\[1\].u_pe.act_val\[2\],49.92
u_pe_array.g_pe_row\[1\].g_pe_col\[3\].u_pe.act_val\[2\],49.88
clknet_leaf_32_clk,49.86
u_pe_array.g_pe_row\[0\].g_pe_col\[0\].u_pe.psum_out\[8\],49.78
clknet_leaf_18_clk,49.73
u_pe_array.g_pe_row\[2\].g_pe_col\[3\].u_pe.psum_out\[7\],49.68
u_pe_array.g_pe_row\[2\].g_pe_col\[2\].u_pe.act_val\[2\],49.555
u_pe_array.g_pe_row\[0\].g_pe_col\[3\].u_pe.psum_out\[7\],49.515
u_pe_array.g_pe_row\[2\].g_pe_col\[0\].u_pe.act_val\[3\],49.44
clknet_leaf_28_clk,49.28
clknet_leaf_33_clk,48.98
u_pe_array.g_pe_row\[3\].g_pe_col\[0\].u_pe.psum_out\[9\],48.96
u_pe_array.g_pe_row\[0\].g_pe_col\[1\].u_pe.psum_out\[9\],48.92
_0792_,48.895
clknet_leaf_59_clk,48.82
u_pe_array.g_pe_row\[0\].g_pe_col\[2\].u_pe.act_val\[4\],48.515
u_pe_array.g_pe_row\[1\].g_pe_col\[0\].u_pe.w_buffer\[1\],48.26
u_pe_array.g_pe_row\[3\].g_pe_col\[1\].u_pe.psum_out\[5\],48.22
u_pe_array.g_pe_row\[2\].g_pe_col\[1\].u_pe.psum_out\[8\],48.1
u_pe_array.g_pe_row\[3\].g_pe_col\[2\].u_pe.act_val\[1\],48
u_pe_array.g_pe_row\[0\].g_pe_col\[1\].u_pe.w_reg\[1\],47.96
u_pe_array.g_pe_row\[2\].g_pe_col\[3\].u_pe.psum_out\[8\],47.96
u_pe_array.g_pe_row\[0\].g_pe_col\[1\].u_pe.psum_out\[10\],47.9
_0780_,47.86
u_pe_array.g_pe_row\[1\].g_pe_col\[3\].u_pe.psum_out\[4\],47.72
_0737_,47.7
_2859_,47.6
clknet_leaf_74_clk,47.6
_0723_,47.5
_1257_,47.46
u_pe_array.g_pe_row\[3\].g_pe_col\[0\].u_pe.act_val\[2\],47.44
u_pe_array.g_pe_row\[3\].g_pe_col\[0\].u_pe.act_val\[3\],47.16
u_pe_array.g_pe_row\[0\].g_pe_col\[3\].u_pe.move_reg\[12\],46.84
_2784_,46.7
u_pe_array.g_pe_row\[0\].g_pe_col\[0\].u_pe.psum_out\[10\],46.66
u_pe_array.g_pe_row\[3\].g_pe_col\[0\].u_pe.act_val\[4\],46.54
u_pe_array.g_pe_row\[0\].g_pe_col\[2\].u_pe.act_val\[1\],46.36
u_pe_array.g_pe_row\[2\].g_pe_col\[0\].u_pe.psum_out\[2\],46.24
_1657_,46.18
u_pe_array.g_pe_row\[0\].g_pe_col\[0\].u_pe.psum_out\[9\],46.16
u_pe_array.g_pe_row\[0\].g_pe_col\[2\].u_pe.act_val\[0\],45.94
u_fsm.cnt\[0\],45.78
u_pe_array.g_pe_row\[1\].g_pe_col\[2\].u_pe.psum_out\[10\],45.73
u_pe_array.g_pe_row\[3\].g_pe_col\[1\].u_pe.act_val\[4\],45.7
_0997_,45.1
net85,45.035
clknet_leaf_43_clk,44.86
_2858_,44.71
u_pe_array.g_pe_row\[0\].g_pe_col\[0\].u_pe.act_val\[0\],44.54
u_pe_array.g_pe_row\[2\].g_pe_col\[1\].u_pe.act_val\[1\],44.52
u_pe_array.u_fifo2.rd_ptr\[2\],44.34
u_pe_array.g_pe_row\[1\].g_pe_col\[0\].u_pe.w_buffer\[0\],44.28
u_pe_array.g_pe_row\[1\].g_pe_col\[2\].u_pe.psum_out\[7\],43.86
u_pe_array.g_pe_row\[0\].g_pe_col\[1\].u_pe.w_buffer\[0\],43.6
_1395_,43.52
u_pe_array.g_pe_row\[2\].g_pe_col\[2\].u_pe.act_val\[4\],43.52
_2275_,43.32
_2857_,43.1
clknet_leaf_11_clk,43.08
u_pe_array.g_pe_row\[1\].g_pe_col\[3\].u_pe.act_val\[4\],42.88
u_pe_array.g_pe_row\[3\].g_pe_col\[2\].u_pe.psum_out\[7\],42.86
u_pe_array.g_pe_row\[2\].g_pe_col\[3\].u_pe.psum_out\[10\],42.78
u_pe_array.g_pe_row\[0\].g_pe_col\[1\].u_pe.psum_out\[5\],42.76
_1137_,42.58
u_pe_array.g_pe_row\[0\].g_pe_col\[3\].u_pe.act_val\[4\],42.54
_0999_,42.52
clknet_leaf_57_clk,42.52
u_pe_array.g_pe_row\[2\].g_pe_col\[1\].u_pe.psum_out\[9\],42.44
u_pe_array.g_pe_row\[3\].g_pe_col\[1\].u_pe.act_val\[0\],42.32
u_pe_array.g_pe_row\[0\].g_pe_col\[0\].u_pe.act_val\[2\],42.22
_0801_,42.14
net92,41.945
_1226_,41.78
_0785_,41.64
u_pe_array.g_pe_row\[3\].g_pe_col\[1\].u_pe.act_val\[3\],41.16
u_pe_array.g_pe_row\[0\].g_pe_col\[3\].u_pe.act_val\[2\],41.1
u_pe_array.g_pe_row\[1\].g_pe_col\[0\].u_pe.psum_out\[9\],40.94
clknet_leaf_69_clk,40.92
_1350_,40.815
_0736_,40.7
_1566_,40.48
u_pe_array.g_pe_row\[0\].g_pe_col\[3\].u_pe.psum_out\[8\],40.455
u_fsm.cnt\[1\],40.355
u_pe_array.g_pe_row\[0\].g_pe_col\[1\].u_pe.psum_out\[4\],40.35
clknet_leaf_46_clk,40.32
_0720_,40.26
_2604_,40.16
u_pe_array.g_pe_row\[3\].g_pe_col\[1\].u_pe.psum_out\[2\],40.12
u_pe_array.g_pe_row\[1\].g_pe_col\[3\].u_pe.psum_out\[8\],39.92
u_pe_array.g_pe_row\[2\].g_pe_col\[0\].u_pe.psum_out\[10\],39.525
u_pe_array.g_pe_row\[2\].g_pe_col\[1\].u_pe.w_buffer\[0\],39.5
_1050_,39.38
clknet_leaf_71_clk,39.18
_2024_,38.94
u_pe_array.g_pe_row\[0\].g_pe_col\[3\].u_pe.psum_out\[10\],38.93
_2601_,38.78
_0877_,38.66
u_pe_array.g_pe_row\[0\].g_pe_col\[0\].u_pe.move_reg\[8\],38.66
clknet_leaf_50_clk,38.58
_1824_,38.56
net106,38.44
u_pe_array.g_pe_row\[3\].g_pe_col\[3\].u_pe.psum_out\[9\],38.26
_1005_,38.2
net107,38.2
u_pe_array.g_pe_row\[1\].g_pe_col\[1\].u_pe.act_val\[0\],38.1
u_pe_array.g_pe_row\[0\].g_pe_col\[3\].u_pe.psum_out\[5\],38.06
_1140_,37.84
u_pe_array.g_pe_row\[2\].g_pe_col\[2\].u_pe.psum_out\[9\],37.68
u_pe_array.g_pe_row\[0\].g_pe_col\[2\].u_pe.act_val\[5\],37.62
u_pe_array.g_pe_row\[1\].g_pe_col\[0\].u_pe.move_reg\[12\],37.52
_1394_,37.46
u_pe_array.g_pe_row\[0\].g_pe_col\[2\].u_pe.psum_out\[6\],37.46
_2140_,37.36
u_pe_array.g_pe_row\[1\].g_pe_col\[3\].u_pe.act_val\[0\],37.36
_0850_,37.185
u_pe_array.g_pe_row\[1\].g_pe_col\[3\].u_pe.psum_out\[10\],37.1
u_pe_array.g_pe_row\[1\].g_pe_col\[3\].u_pe.act_val\[3\],37.06
u_pe_array.g_pe_row\[2\].g_pe_col\[2\].u_pe.act_val\[5\],36.98
u_pe_array.g_pe_row\[1\].g_pe_col\[3\].u_pe.act_val\[1\],36.96
_0814_,36.8
u_pe_array.g_pe_row\[0\].g_pe_col\[3\].u_pe.move_reg\[8\],36.78
u_pe_array.g_pe_row\[0\].g_pe_col\[2\].u_pe.move_reg\[7\],36.72
u_pe_array.g_pe_row\[0\].g_pe_col\[2\].u_pe.psum_out\[5\],36.68
u_pe_array.g_pe_row\[1\].g_pe_col\[1\].u_pe.psum_out\[8\],36.555
_1003_,36.44
u_pe_array.g_pe_row\[2\].g_pe_col\[2\].u_pe.psum_out\[11\],36.4
u_pe_array.g_pe_row\[0\].g_pe_col\[3\].u_pe.act_val\[3\],36.38
_2606_,36.28
_2828_,36.16
u_pe_array.g_pe_row\[1\].g_pe_col\[1\].u_pe.move_reg\[7\],36.1
_1103_,36.06
_2903_,36.06
u_pe_array.g_pe_row\[0\].g_pe_col\[2\].u_pe.w_buffer\[0\],36.02
u_pe_array.g_pe_row\[1\].g_pe_col\[0\].u_pe.psum_out\[1\],35.96
u_pe_array.g_pe_row\[2\].g_pe_col\[2\].u_pe.psum_out\[12\],35.96
_3105_,35.86
u_pe_array.g_pe_row\[3\].g_pe_col\[1\].u_pe.psum_out\[9\],35.8
_2709_,35.58
u_pe_array.g_pe_row\[2\].g_pe_col\[3\].u_pe.act_val\[4\],35.58
_3380_,35.56
u_pe_array.g_pe_row\[0\].g_pe_col\[2\].u_pe.psum_out\[1\],35.56
u_pe_array.g_pe_row\[1\].g_pe_col\[1\].u_pe.psum_out\[1\],35.28
net214,35.28
_1125_,35.26
_1396_,35.26
u_pe_array.g_pe_row\[0\].g_pe_col\[2\].u_pe.psum_out\[8\],35.26
u_pe_array.g_pe_row\[2\].g_pe_col\[0\].u_pe.move_reg\[12\],35.18
u_pe_array.g_pe_row\[0\].g_pe_col\[1\].u_pe.act_val\[1\],35.14
_0759_,35.1
_2529_,35.035
u_pe_array.g_pe_row\[0\].g_pe_col\[0\].u_pe.psum_out\[4\],34.96
u_pe_array.g_pe_row\[1\].g_pe_col\[2\].u_pe.psum_out\[6\],34.94
_2864_,34.76
u_pe_array.g_pe_row\[1\].g_pe_col\[0\].u_pe.psum_out\[8\],34.75
clknet_leaf_60_clk,34.72
_2731_,34.68
_0809_,34.64
u_pe_array.g_pe_row\[3\].g_pe_col\[3\].u_pe.psum_out\[4\],34.58
u_pe_array.g_pe_row\[2\].g_pe_col\[3\].u_pe.act_val\[3\],34.555
_2189_,34.54
_0852_,34.52
u_pe_array.g_pe_row\[1\].g_pe_col\[1\].u_pe.psum_out\[10\],34.5
u_pe_array.g_pe_row\[3\].g_pe_col\[2\].u_pe.psum_out\[9\],34.255
u_pe_array.g_pe_row\[1\].g_pe_col\[2\].u_pe.psum_out\[8\],34.245
u_pe_array.g_pe_row\[3\].g_pe_col\[2\].u_pe.act_val\[3\],34.21
_1256_,34.1
u_pe_array.g_pe_row\[3\].g_pe_col\[1\].u_pe.psum_out\[4\],34.02
u_pe_array.g_pe_row\[0\].g_pe_col\[1\].u_pe.act_val\[4\],33.8
u_pe_array.g_pe_row\[3\].g_pe_col\[2\].u_pe.psum_out\[10\],33.64
clknet_leaf_31_clk,33.62
u_pe_array.g_pe_row\[0\].g_pe_col\[1\].u_pe.psum_out\[1\],33.54
u_pe_array.g_pe_row\[2\].g_pe_col\[0\].u_pe.psum_out\[11\],33.54
u_pe_array.g_pe_row\[2\].g_pe_col\[0\].u_pe.psum_out\[1\],33.5
u_pe_array.g_pe_row\[0\].g_pe_col\[2\].u_pe.act_val\[3\],33.48
u_pe_array.g_pe_row\[0\].g_pe_col\[2\].u_pe.psum_out\[7\],33.38
u_pe_array.g_pe_row\[0\].g_pe_col\[1\].u_pe.psum_out\[2\],33.36
u_pe_array.g_pe_row\[3\].g_pe_col\[3\].u_pe.psum_out\[3\],33.36
u_pe_array.g_pe_row\[2\].g_pe_col\[3\].u_pe.psum_out\[3\],33.2
u_pe_array.g_pe_row\[0\].g_pe_col\[0\].u_pe.act_val\[3\],33.16
_1305_,33.12
u_pe_array.g_pe_row\[3\].g_pe_col\[2\].u_pe.act_val\[5\],33.08
u_pe_array.u_fifo2.count\[0\],33.02
_2375_,32.94
u_pe_array.g_pe_row\[2\].g_pe_col\[2\].u_pe.w_reg\[1\],32.94
u_pe_array.g_pe_row\[2\].g_pe_col\[3\].u_pe.psum_out\[9\],32.88
u_pe_array.g_pe_row\[0\].g_pe_col\[0\].u_pe.move_reg\[11\],32.82
u_pe_array.g_pe_row\[3\].g_pe_col\[3\].u_pe.psum_out\[7\],32.82
_0765_,32.74
u_pe_array.g_pe_row\[1\].g_pe_col\[2\].u_pe.act_val\[3\],32.68
u_pe_array.g_pe_row\[1\].g_pe_col\[2\].u_pe.psum_out\[4\],32.68
_1376_,32.64
u_pe_array.g_pe_row\[0\].g_pe_col\[3\].u_pe.act_val\[1\],32.56
u_pe_array.g_pe_row\[3\].g_pe_col\[0\].u_pe.psum_out\[8\],32.535
_2880_,32.47
u_pe_array.g_pe_row\[2\].g_pe_col\[0\].u_pe.psum_out\[3\],32.44
_1597_,32.33
net95,32.3
u_pe_array.g_pe_row\[0\].g_pe_col\[2\].u_pe.psum_out\[10\],32.25
_2814_,32.18
u_pe_array.g_pe_row\[2\].g_pe_col\[0\].u_pe.psum_out\[5\],32.14
_2932_,32.1
_1991_,32.08
_0735_,32.04
_1347_,32.04
u_pe_array.g_pe_row\[1\].g_pe_col\[1\].u_pe.act_val\[3\],32.04
_3222_,32.015
_0865_,31.9
u_pe_array.g_pe_row\[0\].g_pe_col\[2\].u_pe.move_reg\[9\],31.9
u_pe_array.g_pe_row\[0\].g_pe_col\[2\].u_pe.psum_out\[2\],31.9
u_pe_array.g_pe_row\[2\].g_pe_col\[2\].u_pe.psum_out\[6\],31.82
u_pe_array.g_pe_row\[1\].g_pe_col\[1\].u_pe.move_reg\[10\],31.74
u_pe_array.g_pe_row\[3\].g_pe_col\[1\].u_pe.psum_out\[3\],31.64
u_pe_array.g_pe_row\[3\].g_pe_col\[0\].u_pe.act_val\[5\],31.62
u_pe_array.g_pe_row\[1\].g_pe_col\[1\].u_pe.psum_out\[6\],31.52
u_pe_array.g_pe_row\[2\].g_pe_col\[2\].u_pe.move_reg\[12\],31.42
clknet_leaf_15_clk,31.42
_2549_,31.2
u_pe_array.g_pe_row\[1\].g_pe_col\[2\].u_pe.act_val\[2\],31.195
_1487_,31.13
_1260_,31.12
_1135_,31.1
u_pe_array.g_pe_row\[1\].g_pe_col\[2\].u_pe.act_val\[5\],31.06
u_pe_array.g_pe_row\[3\].g_pe_col\[2\].u_pe.psum_out\[1\],31.04
u_pe_array.g_pe_row\[3\].g_pe_col\[0\].u_pe.psum_out\[12\],31.035
u_pe_array.g_pe_row\[1\].g_pe_col\[1\].u_pe.psum_out\[4\],31
u_pe_array.g_pe_row\[2\].g_pe_col\[3\].u_pe.move_reg\[9\],30.84
u_pe_array.u_fifo1.count\[0\],30.84
u_pe_array.g_pe_row\[3\].g_pe_col\[1\].u_pe.psum_out\[6\],30.8
_2641_,30.74
_2112_,30.68
u_pe_array.g_pe_row\[3\].g_pe_col\[2\].u_pe.psum_out\[8\],30.65
u_pe_array.g_pe_row\[1\].g_pe_col\[2\].u_pe.act_val\[0\],30.635
_1170_,30.58
_2007_,30.58
_2418_,30.52
u_pe_array.u_fifo1.count\[2\],30.5
u_pe_array.g_pe_row\[1\].g_pe_col\[0\].u_pe.psum_out\[10\],30.495
_1454_,30.48
u_pe_array.g_pe_row\[1\].g_pe_col\[2\].u_pe.move_reg\[9\],30.48
_1603_,30.3
_2150_,30.3
u_pe_array.g_pe_row\[1\].g_pe_col\[2\].u_pe.act_val\[1\],30.26
_2563_,30.2
u_pe_array.g_pe_row\[2\].g_pe_col\[1\].u_pe.psum_out\[1\],30.14
_1922_,30.1
_1543_,30.08
_1216_,30.045
_0998_,29.98
_2712_,29.93
u_pe_array.g_pe_row\[0\].g_pe_col\[0\].u_pe.w_buffer\[0\],29.92
u_pe_array.g_pe_row\[2\].g_pe_col\[1\].u_pe.psum_out\[5\],29.92
_1397_,29.86
u_pe_array.g_pe_row\[2\].g_pe_col\[1\].u_pe.act_val\[0\],29.84
u_pe_array.g_pe_row\[2\].g_pe_col\[3\].u_pe.act_val\[5\],29.84
u_pe_array.u_fifo2.buffer\[6\]\[1\],29.84
_2274_,29.82
u_pe_array.g_pe_row\[3\].g_pe_col\[2\].u_pe.psum_out\[5\],29.8
u_pe_array.g_pe_row\[0\].g_pe_col\[3\].u_pe.psum_out\[6\],29.76
u_pe_array.g_pe_row\[2\].g_pe_col\[1\].u_pe.psum_out\[4\],29.76
u_pe_array.g_pe_row\[2\].g_pe_col\[2\].u_pe.psum_out\[8\],29.6
_2447_,29.59
_1775_,29.58
u_pe_array.g_pe_row\[0\].g_pe_col\[3\].u_pe.psum_out\[4\],29.44
u_pe_array.g_pe_row\[0\].g_pe_col\[0\].u_pe.psum_out\[3\],29.35
u_pe_array.g_pe_row\[1\].g_pe_col\[2\].u_pe.psum_out\[12\],29.28
u_pe_array.g_pe_row\[2\].g_pe_col\[2\].u_pe.psum_out\[2\],29.24
_3033_,29.19
_2519_,29.18
clknet_leaf_72_clk,29.08
u_pe_array.g_pe_row\[3\].g_pe_col\[3\].u_pe.psum_out\[5\],28.995
u_pe_array.g_pe_row\[2\].g_pe_col\[3\].u_pe.psum_out\[6\],28.98
_1431_,28.92
u_pe_array.g_pe_row\[3\].g_pe_col\[3\].u_pe.w_reg\[1\],28.92
u_pe_array.g_pe_row\[0\].g_pe_col\[2\].u_pe.w_buffer\[1\],28.86
u_pe_array.g_pe_row\[0\].g_pe_col\[3\].u_pe.psum_out\[9\],28.84
u_pe_array.g_pe_row\[2\].g_pe_col\[1\].u_pe.psum_out\[10\],28.84
u_pe_array.g_pe_row\[0\].g_pe_col\[0\].u_pe.move_reg\[7\],28.78
_1471_,28.765
u_pe_array.g_pe_row\[1\].g_pe_col\[0\].u_pe.psum_out\[3\],28.74
u_pe_array.g_pe_row\[1\].g_pe_col\[3\].u_pe.psum_out\[3\],28.74
u_pe_array.g_pe_row\[2\].g_pe_col\[1\].u_pe.psum_out\[3\],28.74
_1608_,28.72
u_pe_array.g_pe_row\[0\].g_pe_col\[3\].u_pe.act_val\[0\],28.66
u_pe_array.g_pe_row\[1\].g_pe_col\[2\].u_pe.psum_out\[9\],28.64
_1702_,28.58
u_pe_array.g_pe_row\[0\].g_pe_col\[0\].u_pe.w_buffer\[1\],28.36
_2025_,28.34
_1477_,28.3
_2243_,28.14
u_pe_array.g_pe_row\[2\].g_pe_col\[1\].u_pe.psum_out\[2\],28.12
u_pe_array.g_pe_row\[0\].g_pe_col\[1\].u_pe.act_val\[5\],28
u_pe_array.g_pe_row\[2\].g_pe_col\[2\].u_pe.act_val\[3\],27.92
u_pe_array.g_pe_row\[2\].g_pe_col\[2\].u_pe.psum_out\[3\],27.89
u_pe_array.u_fifo2.wr_ptr\[2\],27.82
_0902_,27.78
_1334_,27.77
u_pe_array.g_pe_row\[0\].g_pe_col\[3\].u_pe.move_reg\[11\],27.76
u_pe_array.g_pe_row\[1\].g_pe_col\[1\].u_pe.move_reg\[8\],27.7
u_pe_array.g_pe_row\[1\].g_pe_col\[2\].u_pe.move_reg\[7\],27.64
_1533_,27.6
_2085_,27.58
u_pe_array.g_pe_row\[3\].g_pe_col\[2\].u_pe.psum_out\[2\],27.58
_1528_,27.56
_2830_,27.56
_1791_,27.5
u_fsm.ch_cnt\[1\],27.5
net198,27.5
_1794_,27.48
_1060_,27.4
u_pe_array.g_pe_row\[3\].g_pe_col\[0\].u_pe.psum_out\[4\],27.375
_0797_,27.36
u_pe_array.g_pe_row\[1\].g_pe_col\[3\].u_pe.act_val\[5\],27.24
u_pe_array.g_pe_row\[3\].g_pe_col\[3\].u_pe.psum_out\[6\],27.24
_0791_,27.22
_2146_,27.22
_1958_,27.16
u_pe_array.g_pe_row\[1\].g_pe_col\[2\].u_pe.psum_out\[11\],27.08
u_pe_array.g_pe_row\[2\].g_pe_col\[0\].u_pe.w_buffer\[0\],27.08
u_pe_array.g_pe_row\[0\].g_pe_col\[1\].u_pe.w_buffer\[1\],27.04
u_pe_array.g_pe_row\[1\].g_pe_col\[0\].u_pe.psum_out\[6\],27.035
_1530_,27.02
_1637_,26.88
_0786_,26.86
_2683_,26.82
_1884_,26.8
_2000_,26.785
_0889_,26.76
u_pe_array.g_pe_row\[2\].g_pe_col\[2\].u_pe.psum_out\[5\],26.74
_0897_,26.68
u_pe_array.g_pe_row\[1\].g_pe_col\[3\].u_pe.psum_out\[5\],26.66
u_pe_array.u_fifo2.buffer\[7\]\[5\],26.64
_3086_,26.62
_1968_,26.61
_1265_,26.6
_3136_,26.6
_2966_,26.58
_2728_,26.56
u_pe_array.g_pe_row\[3\].g_pe_col\[1\].u_pe.psum_out\[1\],26.54
_3009_,26.5
net193,26.44
_2430_,26.42
_0821_,26.4
_2565_,26.38
_1931_,26.36
_1629_,26.34
_2331_,26.34
_1733_,26.24
_2465_,26.22
u_pe_array.g_pe_row\[3\].g_pe_col\[3\].u_pe.psum_out\[2\],26.2
u_pe_array.g_pe_row\[1\].g_pe_col\[3\].u_pe.psum_out\[1\],26.18
u_pe_array.g_pe_row\[3\].g_pe_col\[0\].u_pe.psum_out\[3\],26.06
_1887_,26.02
_2791_,26.02
_1261_,26
u_pe_array.g_pe_row\[0\].g_pe_col\[2\].u_pe.psum_out\[11\],25.98
net91,25.98
u_pe_array.g_pe_row\[1\].g_pe_col\[0\].u_pe.psum_out\[4\],25.96
net209,25.94
_0779_,25.82
u_pe_array.g_pe_row\[2\].g_pe_col\[3\].u_pe.move_reg\[8\],25.77
_2271_,25.74
_2792_,25.67
u_pe_array.g_pe_row\[3\].g_pe_col\[3\].u_pe.psum_out\[8\],25.66
_2149_,25.64
net108,25.62
u_pe_array.g_pe_row\[2\].g_pe_col\[2\].u_pe.psum_out\[4\],25.54
_2739_,25.52
u_pe_array.g_pe_row\[2\].g_pe_col\[2\].u_pe.psum_out\[1\],25.52
_1107_,25.42
_1080_,25.4
u_pe_array.u_fifo1.buffer\[7\]\[5\],25.4
_2648_,25.38
_2262_,25.32
u_pe_array.u_fifo2.count\[3\],25.3
_2067_,25.26
u_pe_array.g_pe_row\[3\].g_pe_col\[3\].u_pe.psum_out\[1\],25.24
_2022_,25.18
_2053_,25.14
_2328_,25.04
_2690_,25.04
_2837_,25.04
net184,25.04
_0724_,24.98
_1123_,24.98
u_pe_array.g_pe_row\[3\].g_pe_col\[1\].u_pe.psum_out\[8\],24.98
u_pe_array.g_pe_row\[2\].g_pe_col\[3\].u_pe.move_reg\[10\],24.92
_0928_,24.89
_1600_,24.84
u_fsm.state\[1\],24.84
_1576_,24.82
_1526_,24.8
_3153_,24.8
_2240_,24.74
u_fsm.cnt\[3\],24.72
_0956_,24.62
_1193_,24.62
_3047_,24.58
_1094_,24.56
u_pe_array.g_pe_row\[0\].g_pe_col\[0\].u_pe.psum_out\[12\],24.53
_1712_,24.52
_2288_,24.44
u_pe_array.g_pe_row\[1\].g_pe_col\[0\].u_pe.psum_out\[2\],24.44
_2199_,24.36
_2026_,24.34
_1729_,24.33
_2733_,24.3
u_pe_array.g_pe_row\[2\].g_pe_col\[2\].u_pe.move_reg\[9\],24.3
_3063_,24.28
_3165_,24.28
u_pe_array.g_pe_row\[0\].g_pe_col\[3\].u_pe.psum_out\[3\],24.28
_2110_,24.24
_1473_,24.18
_2672_,24.02
u_pe_array.g_pe_row\[0\].g_pe_col\[2\].u_pe.psum_out\[4\],24
_1241_,23.97
u_pe_array.g_pe_row\[3\].g_pe_col\[0\].u_pe.psum_out\[11\],23.945
_1196_,23.94
_0911_,23.92
_2730_,23.92
_2526_,23.84
u_pe_array.g_pe_row\[2\].g_pe_col\[3\].u_pe.psum_out\[11\],23.84
u_pe_array.g_pe_row\[1\].g_pe_col\[1\].u_pe.act_val\[1\],23.8
_2439_,23.78
_0803_,23.62
u_pe_array.u_fifo2.rd_ptr\[3\],23.62
_0909_,23.6
_2020_,23.6
_2216_,23.58
_2261_,23.52
u_pe_array.u_fifo2.count\[2\],23.52
_1502_,23.5
_2704_,23.5
_2974_,23.48
u_fsm.v_cnt\[0\],23.48
_1201_,23.44
u_pe_array.g_pe_row\[1\].g_pe_col\[0\].u_pe.act_val\[2\],23.44
_1420_,23.36
_0912_,23.34
_2698_,23.3
_2818_,23.28
_1315_,23.2
_1900_,23.16
u_pe_array.g_pe_row\[1\].g_pe_col\[2\].u_pe.psum_out\[3\],23.13
_1443_,23.08
_1877_,23.06
_2054_,22.94
_2127_,22.92
u_pe_array.g_pe_row\[3\].g_pe_col\[3\].u_pe.psum_out\[0\],22.92
_1228_,22.9
u_pe_array.u_fifo1.buffer\[2\]\[3\],22.885
_1026_,22.86
_2305_,22.845
_1975_,22.76
u_pe_array.g_pe_row\[1\].g_pe_col\[2\].u_pe.move_reg\[6\],22.76
u_pe_array.g_pe_row\[3\].g_pe_col\[3\].u_pe.psum_out\[12\],22.76
u_pe_array.g_pe_row\[3\].g_pe_col\[1\].u_pe.psum_out\[10\],22.655
_1453_,22.64
_1074_,22.62
_1359_,22.6
_1421_,22.6
_2695_,22.6
u_pe_array.g_pe_row\[2\].g_pe_col\[3\].u_pe.psum_out\[2\],22.56
_1064_,22.54
_2041_,22.52
u_pe_array.g_pe_row\[2\].g_pe_col\[3\].u_pe.psum_out\[1\],22.52
_1489_,22.5
_1070_,22.46
u_fsm.v_cnt\[1\],22.45
_0947_,22.42
u_pe_array.g_pe_row\[3\].g_pe_col\[3\].u_pe.psum_out\[10\],22.42
_2077_,22.4
u_pe_array.u_fifo1.buffer\[0\]\[4\],22.4
_1504_,22.3
psum_out0[1],22.29
u_pe_array.g_pe_row\[0\].g_pe_col\[2\].u_pe.psum_out\[9\],22.28
_1523_,22.24
_1689_,22.24
_2311_,22.18
u_pe_array.g_pe_row\[3\].g_pe_col\[2\].u_pe.psum_out\[0\],22.12
_1262_,22.06
_3296_,22.06
_2407_,21.98
u_pe_array.g_pe_row\[3\].g_pe_col\[0\].u_pe.psum_out\[0\],21.97
_3077_,21.94
_1266_,21.92
u_pe_array.g_pe_row\[3\].g_pe_col\[2\].u_pe.psum_out\[3\],21.92
_1264_,21.9
_2760_,21.9
u_pe_array.g_pe_row\[3\].g_pe_col\[2\].u_pe.psum_out\[11\],21.88
_2401_,21.85
u_pe_array.g_pe_row\[3\].g_pe_col\[3\].u_pe.psum_out\[11\],21.84
net93,21.84
_1595_,21.82
u_pe_array.g_pe_row\[1\].g_pe_col\[1\].u_pe.psum_out\[2\],21.82
u_pe_array.g_pe_row\[1\].g_pe_col\[2\].u_pe.psum_out\[1\],21.82
net418,21.8
_3300_,21.775
_2043_,21.76
_1596_,21.72
u_pe_array.g_pe_row\[2\].g_pe_col\[0\].u_pe.psum_out\[12\],21.72
_3079_,21.66
u_pe_array.g_pe_row\[0\].g_pe_col\[3\].u_pe.psum_out\[0\],21.66
u_pe_array.g_pe_row\[1\].g_pe_col\[2\].u_pe.move_reg\[11\],21.66
_1298_,21.64
_2528_,21.62
_1046_,21.6
_1139_,21.58
_2381_,21.545
_0731_,21.54
_2603_,21.54
_1864_,21.48
_2165_,21.475
_3286_,21.46
u_pe_array.u_fifo2.buffer\[5\]\[4\],21.44
net810,21.44
_1989_,21.325
u_pe_array.g_pe_row\[1\].g_pe_col\[3\].u_pe.psum_out\[11\],21.32
u_pe_array.g_pe_row\[3\].g_pe_col\[2\].u_pe.move_reg\[8\],21.32
_2018_,21.24
u_pe_array.g_pe_row\[1\].g_pe_col\[2\].u_pe.act_val\[4\],21.24
_1311_,21.21
u_pe_array.g_pe_row\[1\].g_pe_col\[1\].u_pe.psum_out\[11\],21.1
_2928_,21.09
_1709_,21.06
_0782_,21.02
_1876_,21.02
_2153_,20.96
_2955_,20.92
_2841_,20.9
_3053_,20.9
_1267_,20.88
_2335_,20.86
_1467_,20.84
_0783_,20.82
_0959_,20.76
psum_out0[11],20.73
_1208_,20.72
_1926_,20.72
u_pe_array.u_fifo1.rd_ptr\[3\],20.72
u_pe_array.u_fifo2.wr_ptr\[3\],20.72
_2289_,20.665
u_pe_array.g_pe_row\[1\].g_pe_col\[1\].u_pe.act_val\[2\],20.655
u_pe_array.g_pe_row\[1\].g_pe_col\[2\].u_pe.w_buffer\[1\],20.62
_1722_,20.56
_2399_,20.54
_2223_,20.5
u_pe_array.g_pe_row\[3\].g_pe_col\[0\].u_pe.psum_out\[5\],20.5
u_pe_array.g_pe_row\[1\].g_pe_col\[3\].u_pe.psum_out\[2\],20.44
u_pe_array.g_pe_row\[3\].g_pe_col\[0\].u_pe.psum_out\[6\],20.44
_2433_,20.38
_2780_,20.38
_2238_,20.36
_1212_,20.34
_2090_,20.33
_2016_,20.325
_2783_,20.32
_1355_,20.27
_1034_,20.26
_2804_,20.24
u_pe_array.g_pe_row\[1\].g_pe_col\[0\].u_pe.psum_out\[12\],20.24
_1512_,20.2
u_fsm.ch_cnt\[0\],20.2
net89,20.2
net176,20.2
_1220_,20.145
_2010_,20.14
u_pe_array.g_pe_row\[3\].g_pe_col\[2\].u_pe.psum_out\[4\],20.12
_2323_,20.08
_1292_,20.02
_1417_,20.02
_1469_,20
_1999_,20
_2108_,20
_2100_,19.96
_1906_,19.92
_2533_,19.92
net40,19.92
_2847_,19.86
_1177_,19.84
_1911_,19.82
_2957_,19.82
_1210_,19.805
_1758_,19.8
u_pe_array.u_fifo1.buffer\[0\]\[1\],19.78
_2080_,19.76
_1058_,19.755
_1243_,19.74
_2125_,19.74
_0840_,19.725
_1096_,19.68
_1466_,19.68
_2488_,19.68
_1342_,19.62
_2693_,19.605
_3074_,19.6
u_pe_array.g_pe_row\[3\].g_pe_col\[0\].u_pe.psum_out\[2\],19.6
_2713_,19.58
u_pe_array.g_pe_row\[3\].g_pe_col\[1\].u_pe.psum_out\[11\],19.56
_3051_,19.555
_1183_,19.54
_1377_,19.54
_2015_,19.54
_2296_,19.54
u_pe_array.g_pe_row\[0\].g_pe_col\[0\].u_pe.psum_out\[0\],19.44
_2602_,19.42
u_pe_array.g_pe_row\[2\].g_pe_col\[1\].u_pe.psum_out\[12\],19.42
_1184_,19.4
_1336_,19.4
h_in0[3],19.4
u_pe_array.g_pe_row\[3\].g_pe_col\[0\].u_pe.psum_out\[1\],19.4
w_in_flat[7],19.4
net162,19.38
_1984_,19.365
_2651_,19.36
u_pe_array.u_fifo2.buffer\[5\]\[1\],19.36
_1432_,19.32
_1572_,19.315
_2583_,19.3
_1711_,19.28
u_fsm.next_state\[1\],19.28
u_pe_array.g_pe_row\[1\].g_pe_col\[1\].u_pe.psum_out\[3\],19.28
u_pe_array.g_pe_row\[3\].g_pe_col\[0\].u_pe.w_reg\[1\],19.28
u_pe_array.g_pe_row\[3\].g_pe_col\[1\].u_pe.psum_out\[12\],19.28
_1912_,19.24
u_pe_array.g_pe_row\[2\].g_pe_col\[3\].u_pe.psum_out\[5\],19.22
_3180_,19.2
_0954_,19.14
_2176_,19.14
_2444_,19.14
u_pe_array.g_pe_row\[3\].g_pe_col\[2\].u_pe.psum_out\[6\],19.09
_2856_,19.08
_2861_,19.06
u_pe_array.g_pe_row\[1\].g_pe_col\[0\].u_pe.psum_out\[0\],19.06
_2297_,19.055
u_pe_array.u_fifo1.buffer\[6\]\[1\],19.045
_1854_,19.04
u_fsm.state\[2\],19.04
_2044_,18.96
_3032_,18.96
u_pe_array.u_fifo1.buffer\[3\]\[2\],18.86
_1620_,18.85
_2527_,18.85
_1088_,18.84
_1741_,18.815
_1205_,18.81
_1616_,18.8
_2119_,18.8
_2014_,18.72
_2348_,18.64
u_pe_array.g_pe_row\[0\].g_pe_col\[2\].u_pe.psum_out\[12\],18.64
u_pe_array.g_pe_row\[1\].g_pe_col\[0\].u_pe.psum_out\[5\],18.64
u_pe_array.u_fifo2.buffer\[1\]\[5\],18.625
_0727_,18.62
_1357_,18.62
_0338_,18.6
_0802_,18.58
_1335_,18.54
u_pe_array.u_fifo2.buffer\[7\]\[1\],18.54
_1761_,18.52
u_pe_array.g_pe_row\[1\].g_pe_col\[1\].u_pe.psum_out\[5\],18.52
_1056_,18.5
_1445_,18.5
u_pe_array.g_pe_row\[0\].g_pe_col\[3\].u_pe.psum_out\[11\],18.5
_2975_,18.48
_2511_,18.46
_1492_,18.44
u_pe_array.u_fifo2.buffer\[8\]\[1\],18.44
_2208_,18.38
_3157_,18.38
_1756_,18.36
_1896_,18.36
_2028_,18.36
u_pe_array.g_pe_row\[2\].g_pe_col\[2\].u_pe.move_reg\[8\],18.3
_2618_,18.28
_0133_,18.26
_1263_,18.26
_1938_,18.2
u_pe_array.g_pe_row\[0\].g_pe_col\[3\].u_pe.psum_out\[1\],18.16
u_pe_array.u_fifo1.wr_ptr\[2\],18.125
_2515_,18.1
_2362_,18.06
_2898_,18.04
_1553_,18.02
_2385_,18.02
_1194_,17.96
_1918_,17.94
u_pe_array.g_pe_row\[1\].g_pe_col\[2\].u_pe.psum_out\[2\],17.94
_2313_,17.925
_2405_,17.92
start,17.92
u_pe_array.g_pe_row\[1\].g_pe_col\[3\].u_pe.psum_out\[12\],17.86
u_pe_array.g_pe_row\[3\].g_pe_col\[2\].u_pe.psum_out\[12\],17.86
_2089_,17.83
u_fsm.v_cnt\[2\],17.82
u_pe_array.g_pe_row\[0\].g_pe_col\[1\].u_pe.psum_out\[0\],17.82
u_pe_array.u_fifo1.buffer\[4\]\[5\],17.82
_0053_,17.8
_2304_,17.8
_2980_,17.8
u_pe_array.g_pe_row\[2\].g_pe_col\[0\].u_pe.psum_out\[4\],17.78
_0335_,17.74
_2628_,17.74
_1549_,17.72
_3020_,17.7
u_pe_array.u_fifo2.buffer\[4\]\[1\],17.7
_2076_,17.68
_2487_,17.68
_2945_,17.68
_1206_,17.66
_2231_,17.66
_2890_,17.66
_2960_,17.66
_1462_,17.62
_2912_,17.62
_1439_,17.58
_2254_,17.58
_2862_,17.58
_1481_,17.52
_1831_,17.48
u_pe_array.g_pe_row\[1\].g_pe_col\[1\].u_pe.move_reg\[12\],17.48
_0131_,17.46
_1182_,17.44
_1585_,17.44
_2820_,17.44
net87,17.44
net88,17.44
_2560_,17.42
_2934_,17.42
_3010_,17.42
u_pe_array.g_pe_row\[1\].g_pe_col\[2\].u_pe.psum_out\[0\],17.34
u_pe_array.g_pe_row\[2\].g_pe_col\[2\].u_pe.psum_out\[0\],17.34
_1224_,17.28
_1441_,17.28
_2198_,17.28
_2477_,17.28
_2573_,17.28
u_pe_array.g_pe_row\[0\].g_pe_col\[1\].u_pe.psum_out\[6\],17.28
u_pe_array.g_pe_row\[3\].g_pe_col\[3\].u_pe.move_reg\[7\],17.26
_1231_,17.255
_2910_,17.24
u_pe_array.u_fifo1.count\[3\],17.24
_1790_,17.22
_2421_,17.21
u_pe_array.u_fifo1.buffer\[4\]\[4\],17.18
clknet_leaf_68_clk,17.18
_1268_,17.16
_1638_,17.12
v_in0[1],17.1
_2871_,17.07
_1219_,17.06
_0795_,17.02
_1525_,17.02
_1539_,17
_2798_,17
u_pe_array.g_pe_row\[2\].g_pe_col\[3\].u_pe.move_reg\[7\],16.98
_2095_,16.96
u_pe_array.g_pe_row\[1\].g_pe_col\[1\].u_pe.psum_out\[0\],16.96
u_pe_array.g_pe_row\[0\].g_pe_col\[3\].u_pe.psum_out\[2\],16.955
_2505_,16.94
_2670_,16.94
_2212_,16.93
_1532_,16.9
_1589_,16.9
u_pe_array.u_fifo2.buffer\[4\]\[4\],16.9
_1278_,16.88
_0450_,16.84
u_pe_array.g_pe_row\[1\].g_pe_col\[1\].u_pe.move_reg\[11\],16.84
_0966_,16.82
_1321_,16.82
_2151_,16.8
u_pe_array.g_pe_row\[2\].g_pe_col\[2\].u_pe.w_buffer\[1\],16.8
u_pe_array.u_fifo1.buffer\[8\]\[1\],16.77
_3229_,16.76
u_pe_array.g_pe_row\[2\].g_pe_col\[1\].u_pe.psum_out\[0\],16.62
_2250_,16.6
_2448_,16.6
_2594_,16.6
_0166_,16.52
_2539_,16.48
net175,16.44
_1935_,16.42
u_pe_array.g_pe_row\[0\].g_pe_col\[0\].u_pe.move_reg\[6\],16.42
_1983_,16.38
_1381_,16.35
u_pe_array.g_pe_row\[2\].g_pe_col\[0\].u_pe.psum_out\[0\],16.34
_0895_,16.32
_1767_,16.32
_2217_,16.3
_2092_,16.28
_3142_,16.28
_0596_,16.26
_1708_,16.25
_1307_,16.22
_1937_,16.22
_2593_,16.22
_0370_,16.2
u_pe_array.g_pe_row\[0\].g_pe_col\[0\].u_pe.psum_out\[1\],16.2
net797,16.2
_1398_,16.18
_2794_,16.18
_1330_,16.17
_2577_,16.16
_1300_,16.14
u_fsm.h_cnt\[0\],16.14
_2473_,16.1
_3108_,16.1
h_in1[2],16.09
_1634_,16.08
_1772_,16.08
_1084_,16.02
_2776_,16.02
u_pe_array.u_fifo2.buffer\[6\]\[5\],16.02
_1735_,15.98
_2935_,15.94
u_pe_array.u_fifo1.buffer\[4\]\[2\],15.92
_3140_,15.905
_2937_,15.88
_2802_,15.875
_1697_,15.86
u_pe_array.u_fifo1.buffer\[6\]\[3\],15.855
_1093_,15.8
u_pe_array.g_pe_row\[1\].g_pe_col\[2\].u_pe.psum_out\[5\],15.8
net807,15.76
_2614_,15.72
_3323_,15.72
_2195_,15.71
u_pe_array.u_fifo2.buffer\[2\]\[4\],15.705
_3318_,15.7
_2866_,15.68
_2574_,15.64
_2537_,15.635
_3041_,15.62
_2717_,15.575
_1312_,15.56
u_pe_array.u_fifo1.buffer\[1\]\[1\],15.54
_2008_,15.525
_1976_,15.505
_0934_,15.5
_2352_,15.5
_2512_,15.48
_3104_,15.48
u_pe_array.g_pe_row\[0\].g_pe_col\[2\].u_pe.move_reg\[11\],15.48
_2104_,15.44
u_pe_array.u_fifo2.count\[1\],15.42
_2320_,15.4
_1928_,15.38
_2266_,15.38
_2860_,15.38
net284,15.38
_0067_,15.345
_2013_,15.34
net200,15.34
_2192_,15.32
_0854_,15.28
_2991_,15.28
_2668_,15.26
_2779_,15.26
u_pe_array.g_pe_row\[2\].g_pe_col\[2\].u_pe.move_reg\[6\],15.24
u_pe_array.u_fifo2.buffer\[0\]\[1\],15.24
_3029_,15.22
u_pe_array.g_pe_row\[0\].g_pe_col\[3\].u_pe.move_reg\[10\],15.2
u_pe_array.g_pe_row\[1\].g_pe_col\[0\].u_pe.move_reg\[7\],15.18
u_pe_array.u_fifo2.buffer\[4\]\[2\],15.18
_0841_,15.16
_2981_,15.16
u_pe_array.g_pe_row\[1\].g_pe_col\[0\].u_pe.move_reg\[6\],15.16
_1339_,15.1
_2060_,15.1
_1992_,15.095
_2337_,15.08
_0816_,15.06
_1006_,15.04
_1373_,15.04
_2753_,15.02
_2768_,15.02
u_pe_array.g_pe_row\[0\].g_pe_col\[2\].u_pe.move_reg\[10\],15.02
_1282_,14.98
_2391_,14.98
_2881_,14.98
u_pe_array.g_pe_row\[1\].g_pe_col\[1\].u_pe.move_reg\[9\],14.94
clknet_leaf_73_clk,14.9
_1675_,14.86
_2848_,14.86
u_pe_array.u_fifo2.buffer\[6\]\[2\],14.85
_1618_,14.84
_1656_,14.84
_2096_,14.84
_3160_,14.83
_3087_,14.8
u_pe_array.g_pe_row\[2\].g_pe_col\[0\].u_pe.w_buffer\[1\],14.8
_1012_,14.78
_2046_,14.78
_0448_,14.745
_0349_,14.725
_2354_,14.72
_1369_,14.66
v_in0[3],14.63
_1236_,14.62
net393,14.62
u_pe_array.u_fifo2.buffer\[6\]\[4\],14.6
u_pe_array.g_pe_row\[3\].g_pe_col\[2\].u_pe.move_reg\[12\],14.58
_1496_,14.56
_1654_,14.56
_1049_,14.54
_1306_,14.54
_2518_,14.54
_1406_,14.52
_2983_,14.52
u_pe_array.g_pe_row\[2\].g_pe_col\[3\].u_pe.psum_out\[12\],14.52
u_pe_array.u_fifo1.buffer\[3\]\[1\],14.52
_0231_,14.5
_2547_,14.5
net135,14.5
_2876_,14.48
_3109_,14.48
u_pe_array.u_fifo2.buffer\[4\]\[5\],14.48
_0026_,14.46
u_pe_array.g_pe_row\[0\].g_pe_col\[1\].u_pe.move_reg\[11\],14.46
u_pe_array.g_pe_row\[1\].g_pe_col\[2\].u_pe.w_buffer\[0\],14.46
net192,14.44
net430,14.4
_1642_,14.38
_1320_,14.32
_2196_,14.32
_1251_,14.3
_1930_,14.3
_2161_,14.3
_3040_,14.3
_3302_,14.3
_3313_,14.3
net100,14.3
net625,14.3
_0883_,14.28
_3090_,14.275
_1413_,14.24
_1202_,14.22
_1734_,14.22
_1738_,14.22
net808,14.22
_3154_,14.2
_1923_,14.18
_2191_,14.18
_2825_,14.18
_1045_,14.16
u_fsm.cnt\[2\],14.16
_2321_,14.14
_1500_,14.1
_1023_,14.08
_1749_,14.08
_2218_,14.08
net386,14.08
_1368_,14.06
_2624_,14.06
u_pe_array.g_pe_row\[3\].g_pe_col\[0\].u_pe.move_reg\[10\],14.06
net163,14.04
_2094_,14.025
_2660_,14.02
_2292_,14
_2867_,14
_3039_,13.98
_1939_,13.96
_0972_,13.94
_0341_,13.92
_1032_,13.92
_1573_,13.9
_3018_,13.9
u_pe_array.g_pe_row\[0\].g_pe_col\[2\].u_pe.psum_out\[0\],13.9
net170,13.88
_3006_,13.84
u_pe_array.u_fifo1.buffer\[1\]\[3\],13.84
_1611_,13.835
_3001_,13.82
_1598_,13.81
_2312_,13.78
_2675_,13.78
net160,13.76
_1301_,13.74
_2376_,13.74
u_pe_array.u_fifo1.buffer\[1\]\[0\],13.74
_1068_,13.725
_1704_,13.72
_2426_,13.71
_3026_,13.7
_2833_,13.69
_2406_,13.68
u_pe_array.g_pe_row\[3\].g_pe_col\[3\].u_pe.move_reg\[8\],13.68
u_pe_array.u_fifo2.buffer\[7\]\[0\],13.68
u_pe_array.u_fifo2.buffer\[3\]\[1\],13.66
_0495_,13.645
_0726_,13.64
_0974_,13.62
_2147_,13.62
_3002_,13.62
u_pe_array.g_pe_row\[1\].g_pe_col\[2\].u_pe.move_reg\[12\],13.58
u_pe_array.g_pe_row\[2\].g_pe_col\[3\].u_pe.psum_out\[4\],13.58
_2319_,13.56
_0132_,13.54
_0399_,13.54
_1113_,13.54
_2650_,13.54
_3057_,13.5
net83,13.5
_1192_,13.48
_2068_,13.48
_2152_,13.46
_2499_,13.44
u_pe_array.g_pe_row\[3\].g_pe_col\[1\].u_pe.move_reg\[7\],13.44
_1324_,13.435
_0773_,13.42
_1027_,13.42
_2334_,13.42
_1870_,13.4
_2808_,13.4
u_pe_array.u_fifo1.buffer\[2\]\[5\],13.385
_2230_,13.38
_1168_,13.36
_1444_,13.36
u_pe_array.u_fifo1.wr_ptr\[3\],13.36
_2038_,13.34
_1160_,13.32
_1239_,13.32
_2075_,13.32
_1059_,13.3
net78,13.28
net605,13.28
net727,13.28
_1776_,13.26
_1793_,13.26
_3138_,13.26
u_pe_array.g_pe_row\[3\].g_pe_col\[1\].u_pe.psum_out\[0\],13.26
u_pe_array.g_pe_row\[2\].g_pe_col\[1\].u_pe.psum_out\[11\],13.24
_2452_,13.225
_1288_,13.22
_1685_,13.22
_2204_,13.22
_0806_,13.2
_3148_,13.18
u_pe_array.u_fifo1.buffer\[5\]\[2\],13.18
_1948_,13.16
u_pe_array.u_fifo1.buffer\[3\]\[3\],13.16
net656,13.16
_0880_,13.14
_0905_,13.14
_2378_,13.14
net180,13.14
u_pe_array.u_fifo1.buffer\[2\]\[2\],13.105
_1944_,13.1
_0778_,13.08
_2437_,13.08
u_pe_array.u_fifo1.buffer\[4\]\[0\],13.08
_0018_,13.04
_1283_,13.02
_0109_,13.005
_0499_,13.005
_1746_,13
_1547_,12.98
_2940_,12.98
u_pe_array.u_fifo2.buffer\[2\]\[3\],12.98
_1737_,12.96
_2464_,12.96
net258,12.96
_1042_,12.94
_1909_,12.94
_2678_,12.92
_2686_,12.92
_2812_,12.92
u_pe_array.u_fifo1.buffer\[3\]\[4\],12.92
_1019_,12.9
_1623_,12.9
_2971_,12.9
net133,12.9
_0367_,12.88
_1591_,12.88
_2989_,12.88
u_pe_array.g_pe_row\[2\].g_pe_col\[2\].u_pe.move_reg\[11\],12.88
_0170_,12.86
_1082_,12.86
_2343_,12.86
_3025_,12.86
_0767_,12.84
_2875_,12.84
_1768_,12.82
_2221_,12.8
_2851_,12.8
_0047_,12.76
_0447_,12.76
_1269_,12.76
_1485_,12.76
_2425_,12.735
_1452_,12.72
_1548_,12.72
u_pe_array.u_fifo1.buffer\[5\]\[1\],12.72
_0196_,12.7
_1175_,12.7
_1341_,12.7
_1446_,12.7
_1905_,12.7
net820,12.7
_1191_,12.68
_1753_,12.68
_2933_,12.68
u_pe_array.g_pe_row\[2\].g_pe_col\[3\].u_pe.psum_out\[0\],12.675
_2382_,12.67
_2450_,12.66
_3097_,12.66
_1833_,12.64
_0258_,12.62
_0957_,12.62
_0965_,12.62
_1925_,12.62
_2370_,12.62
_2481_,12.62
psum_out1[5],12.62
_2159_,12.6
_3419_,12.58
u_pe_array.g_pe_row\[0\].g_pe_col\[2\].u_pe.psum_out\[3\],12.56
_1482_,12.54
u_pe_array.u_fifo1.buffer\[8\]\[10\],12.54
_1143_,12.535
_0939_,12.52
net658,12.52
_0116_,12.5
_0849_,12.5
_1425_,12.5
_1872_,12.5
_1907_,12.5
_2587_,12.5
_2677_,12.5
_2256_,12.48
_2596_,12.48
_0943_,12.47
_1883_,12.46
_2178_,12.46
net550,12.46
_0950_,12.44
_1508_,12.44
_1497_,12.42
_1662_,12.42
_2671_,12.42
_2913_,12.42
u_pe_array.g_pe_row\[1\].g_pe_col\[0\].u_pe.move_reg\[9\],12.42
u_pe_array.u_fifo1.buffer\[5\]\[3\],12.42
net544,12.4
_1328_,12.38
_1171_,12.34
_2039_,12.34
_2413_,12.34
_2634_,12.34
u_pe_array.g_pe_row\[3\].g_pe_col\[0\].u_pe.move_reg\[7\],12.34
u_pe_array.u_fifo2.buffer\[5\]\[3\],12.34
_0134_,12.32
_2428_,12.32
_0878_,12.3
_0932_,12.28
_1286_,12.28
_3050_,12.28
u_pe_array.g_pe_row\[1\].g_pe_col\[3\].u_pe.move_reg\[12\],12.28
u_pe_array.u_fifo1.buffer\[7\]\[7\],12.28
u_pe_array.u_fifo2.buffer\[1\]\[0\],12.28
_0420_,12.24
_0445_,12.24
_1104_,12.24
_1189_,12.24
_2062_,12.24
_2347_,12.22
u_pe_array.g_pe_row\[3\].g_pe_col\[0\].u_pe.move_reg\[6\],12.22
_1148_,12.2
_0285_,12.18
_3308_,12.18
_2374_,12.16
net347,12.16
_2666_,12.15
_0063_,12.14
_0081_,12.14
_1468_,12.14
_2609_,12.14
_3096_,12.14
_1889_,12.12
_2998_,12.1
_2142_,12.08
_1780_,12.065
v_in0[0],12.04
w_in_flat[0],12.04
net143,12.04
_0479_,12.02
_0860_,12.02
_2156_,12.02
_2536_,12.02
_2543_,12
net81,12
_1354_,11.98
_1488_,11.98
_2210_,11.96
u_pe_array.u_fifo1.buffer\[4\]\[1\],11.96
_0267_,11.94
psum_out1[6],11.94
u_pe_array.u_fifo1.buffer\[6\]\[5\],11.925
_0612_,11.92
_2065_,11.92
_2042_,11.9
u_pe_array.u_fifo2.buffer\[5\]\[0\],11.9
_1866_,11.88
_1946_,11.86
_1963_,11.86
_2035_,11.86
_2123_,11.86
net153,11.86
_2120_,11.84
_2155_,11.84
_0112_,11.8
_0882_,11.8
_2801_,11.8
_2691_,11.78
u_pe_array.u_fifo2.buffer\[3\]\[2\],11.78
u_pe_array.u_fifo2.buffer\[7\]\[11\],11.78
_0204_,11.76
_2063_,11.76
u_pe_array.g_pe_row\[0\].g_pe_col\[0\].u_pe.psum_out\[2\],11.76
u_pe_array.g_pe_row\[3\].g_pe_col\[3\].u_pe.move_reg\[12\],11.76
_2568_,11.75
_1028_,11.74
_2051_,11.74
u_pe_array.g_pe_row\[1\].g_pe_col\[1\].u_pe.psum_out\[12\],11.74
_0970_,11.72
u_pe_array.u_fifo1.buffer\[3\]\[10\],11.72
_2417_,11.7
_2806_,11.7
_2358_,11.68
u_pe_array.g_pe_row\[0\].g_pe_col\[2\].u_pe.move_reg\[8\],11.68
_1457_,11.66
_1821_,11.66
u_pe_array.g_pe_row\[1\].g_pe_col\[3\].u_pe.psum_out\[0\],11.66
net185,11.66
_1705_,11.64
_2021_,11.64
_2117_,11.64
_2599_,11.64
net425,11.64
u_pe_array.u_fifo1.buffer\[2\]\[0\],11.635
_3028_,11.62
u_pe_array.g_pe_row\[0\].g_pe_col\[2\].u_pe.move_reg\[6\],11.62
_1076_,11.58
_2719_,11.58
_2922_,11.56
_3312_,11.55
_0835_,11.54
_0940_,11.54
_1671_,11.54
_2115_,11.54
_1185_,11.52
_2246_,11.52
net181,11.52
_0199_,11.5
_2967_,11.5
_1575_,11.48
_3213_,11.48
_2259_,11.46
_1385_,11.45
v_in1[0],11.43
_3043_,11.42
u_pe_array.u_fifo1.buffer\[8\]\[5\],11.42
u_pe_array.u_fifo2.buffer\[7\]\[4\],11.42
_1904_,11.38
_1736_,11.37
_0012_,11.36
_0020_,11.36
u_fsm.h_cnt\[1\],11.36
u_pe_array.u_fifo2.buffer\[0\]\[0\],11.36
net579,11.34
_0110_,11.32
_1091_,11.32
_3292_,11.32
net654,11.32
_1111_,11.3
_2644_,11.3
net321,11.3
_2061_,11.295
_0615_,11.285
_1679_,11.28
_2952_,11.27
_1223_,11.26
psum_out0[5],11.26
u_pe_array.u_fifo2.buffer\[3\]\[8\],11.26
net619,11.24
_0477_,11.22
_2224_,11.22
_2410_,11.22
_2493_,11.22
u_pe_array.u_fifo1.buffer\[2\]\[1\],11.22
_1072_,11.2
_2474_,11.2
u_pe_array.u_fifo2.buffer\[3\]\[5\],11.2
_2301_,11.18
u_pe_array.u_fifo2.buffer\[4\]\[3\],11.18
_1155_,11.16
_1953_,11.16
_2462_,11.16
v_in0[2],11.14
_1755_,11.12
_1855_,11.12
_3257_,11.12
net336,11.12
_0924_,11.08
_1067_,11.08
_1169_,11.08
_1860_,11.08
u_pe_array.u_fifo1.buffer\[8\]\[4\],11.08
net655,11.08
net795,11.08
_1438_,11.04
_0320_,11.02
_0322_,11.02
h_in1[4],11.02
_2395_,11
_2453_,11
net570,10.98
_0781_,10.96
_1057_,10.96
_2227_,10.96
net129,10.96
net671,10.94
_0967_,10.92
_1008_,10.92
_2484_,10.92
_1919_,10.9
net582,10.9
net84,10.89
_1850_,10.88
_2700_,10.88
u_pe_array.u_fifo2.buffer\[8\]\[4\],10.88
_1015_,10.86
_1410_,10.86
_1990_,10.86
_2868_,10.86
u_pe_array.g_pe_row\[0\].g_pe_col\[3\].u_pe.move_reg\[9\],10.86
_0167_,10.84
_0815_,10.84
u_pe_array.u_fifo2.buffer\[3\]\[4\],10.84
net296,10.84
_2953_,10.825
_1087_,10.82
_1419_,10.82
_0284_,10.8
_1272_,10.8
_2226_,10.8
u_pe_array.u_fifo2.buffer\[2\]\[1\],10.8
u_pe_array.u_fifo2.buffer\[6\]\[9\],10.8
u_pe_array.g_pe_row\[1\].g_pe_col\[3\].u_pe.move_reg\[6\],10.79
_0537_,10.785
_0862_,10.78
_1933_,10.78
net643,10.78
net811,10.78
_1086_,10.76
_1858_,10.76
_1411_,10.74
_2316_,10.74
_3183_,10.74
u_pe_array.g_pe_row\[3\].g_pe_col\[1\].u_pe.move_reg\[8\],10.74
_0985_,10.72
_2066_,10.72
_1838_,10.7
u_pe_array.g_pe_row\[1\].g_pe_col\[0\].u_pe.move_reg\[11\],10.7
_2205_,10.68
_2843_,10.68
_1393_,10.66
_1670_,10.66
_2673_,10.66
v_in0[5],10.66
w_in_flat[1],10.66
w_in_flat[3],10.66
net338,10.66
net606,10.66
net788,10.66
_0564_,10.645
_0973_,10.64
_1706_,10.62
_2396_,10.62
_2886_,10.62
_2893_,10.62
_3054_,10.62
_1178_,10.6
_1882_,10.6
_0839_,10.58
net661,10.58
_3259_,10.56
_3392_,10.56
net94,10.56
net697,10.56
_1424_,10.52
_2769_,10.52
_3070_,10.52
_3082_,10.52
_1287_,10.5
_1879_,10.5
_1943_,10.5
_2157_,10.5
_1565_,10.46
_1630_,10.46
_1754_,10.46
_2326_,10.46
_2525_,10.46
net831,10.46
_0255_,10.44
_0294_,10.44
_0908_,10.44
h_in1[1],10.43
_2124_,10.42
_1141_,10.4
_3061_,10.4
u_pe_array.g_pe_row\[2\].g_pe_col\[2\].u_pe.move_reg\[10\],10.4
_1290_,10.38
_1495_,10.38
_2086_,10.36
_0413_,10.34
_1277_,10.34
_0287_,10.32
_1479_,10.32
_2132_,10.32
_2787_,10.32
_0933_,10.3
_3019_,10.3
_0757_,10.28
_1886_,10.28
_2372_,10.28
u_pe_array.u_fifo2.buffer\[8\]\[2\],10.28
_2817_,10.26
u_pe_array.g_pe_row\[3\].g_pe_col\[0\].u_pe.move_reg\[8\],10.24
_0584_,10.225
u_pe_array.g_pe_row\[2\].g_pe_col\[1\].u_pe.psum_out\[6\],10.22
u_pe_array.u_fifo1.buffer\[2\]\[4\],10.205
_1867_,10.2
net753,10.2
net770,10.2
_0923_,10.18
_2507_,10.18
_2756_,10.16
_3158_,10.16
u_pe_array.g_pe_row\[3\].g_pe_col\[0\].u_pe.move_reg\[12\],10.16
net738,10.16
_0262_,10.12
_2317_,10.12
_2622_,10.12
_2781_,10.12
_2896_,10.12
u_pe_array.g_pe_row\[3\].g_pe_col\[2\].u_pe.move_reg\[9\],10.12
_2615_,10.1
_3335_,10.1
psum_out1[7],10.1
net567,10.1
net745,10.1
_2234_,10.09
u_pe_array.u_fifo1.buffer\[6\]\[2\],10.085
_2440_,10.08
u_pe_array.g_pe_row\[1\].g_pe_col\[3\].u_pe.move_reg\[10\],10.08
_0144_,10.06
net96,10.06
net689,10.06
_1180_,10.04
_3298_,10.04
clknet_leaf_84_clk,10.04
net82,10.04
net786,10.04
_0434_,10
_1237_,10
_1372_,10
_2647_,10
_0136_,9.98
_0278_,9.98
_2475_,9.98
_2636_,9.97
_1218_,9.96
_2757_,9.96
u_pe_array.u_fifo2.buffer\[7\]\[3\],9.96
_2514_,9.95
_0024_,9.94
_0891_,9.94
_2556_,9.94
u_pe_array.g_pe_row\[3\].g_pe_col\[2\].u_pe.move_reg\[10\],9.94
net90,9.94
_0962_,9.93
_1247_,9.92
_3067_,9.92
_1038_,9.9
u_pe_array.g_pe_row\[0\].g_pe_col\[3\].u_pe.psum_out\[12\],9.9
u_pe_array.u_fifo2.buffer\[0\]\[12\],9.9
_1402_,9.88
_1680_,9.88
_1974_,9.88
_2005_,9.88
psum_out0[4],9.88
_0521_,9.865
_1221_,9.86
_1750_,9.86
_2461_,9.86
net686,9.86
_2184_,9.84
_3315_,9.84
_1162_,9.82
_2272_,9.82
_3078_,9.82
_3094_,9.82
_3363_,9.82
u_pe_array.u_fifo2.buffer\[0\]\[4\],9.82
net254,9.82
net316,9.82
net618,9.82
net707,9.82
_0971_,9.8
_0847_,9.78
_0921_,9.78
_2365_,9.78
_2870_,9.78
u_pe_array.u_fifo1.buffer\[0\]\[3\],9.78
net297,9.78
_2277_,9.765
w_in_flat[2],9.74
net335,9.74
_2379_,9.72
_0871_,9.7
_1433_,9.7
_2255_,9.7
_3030_,9.7
u_pe_array.g_pe_row\[0\].g_pe_col\[1\].u_pe.move_reg\[8\],9.7
net423,9.7
net747,9.7
_0198_,9.66
_0427_,9.66
_1893_,9.66
_3071_,9.66
_0165_,9.64
_0301_,9.64
_0418_,9.64
_0857_,9.64
_1310_,9.64
_1510_,9.64
psum_out1[9],9.64
v_in1[2],9.64
v_in1[5],9.64
_2033_,9.62
u_pe_array.u_fifo1.buffer\[8\]\[0\],9.62
_1197_,9.6
_2377_,9.6
u_pe_array.g_pe_row\[1\].g_pe_col\[3\].u_pe.move_reg\[7\],9.6
_2504_,9.595
_1612_,9.58
_2019_,9.58
_2166_,9.58
_2824_,9.58
u_pe_array.u_fifo2.buffer\[1\]\[1\],9.58
_2993_,9.57
_2211_,9.56
_0245_,9.54
_2640_,9.54
h_in0[4],9.53
_0192_,9.52
_0266_,9.52
_0417_,9.52
_0963_,9.52
_3226_,9.52
_2133_,9.5
_2502_,9.5
_2949_,9.5
_1259_,9.48
_1302_,9.48
_2388_,9.48
_3007_,9.46
_1308_,9.45
_0649_,9.445
_0697_,9.445
net358,9.44
_1007_,9.42
_0029_,9.4
_3024_,9.4
h_in0[0],9.4
u_pe_array.g_pe_row\[1\].g_pe_col\[0\].u_pe.move_reg\[10\],9.4
net639,9.4
_2091_,9.38
_2522_,9.38
_2595_,9.36
u_pe_array.u_fifo1.buffer\[0\]\[0\],9.36
net772,9.36
_2442_,9.34
_2948_,9.34
_3349_,9.32
u_pe_array.g_pe_row\[2\].g_pe_col\[1\].u_pe.w_reg\[1\],9.32
net302,9.32
net583,9.32
_0884_,9.3
_2840_,9.3
_0775_,9.28
_2827_,9.28
_2972_,9.28
u_pe_array.u_fifo1.buffer\[7\]\[4\],9.28
u_pe_array.u_fifo2.buffer\[3\]\[0\],9.28
_1041_,9.26
_1430_,9.26
net313,9.26
net680,9.26
_0504_,9.24
_0820_,9.24
_1569_,9.24
_2235_,9.24
_2643_,9.24
u_pe_array.u_fifo1.buffer\[7\]\[2\],9.24
net173,9.24
net696,9.24
_0272_,9.225
_0515_,9.225
_0532_,9.225
_1314_,9.22
_2749_,9.22
net451,9.22
_0946_,9.2
_2495_,9.2
_2762_,9.16
net182,9.16
net261,9.16
_2131_,9.14
_2171_,9.14
net699,9.14
_0898_,9.12
_1544_,9.12
_1880_,9.12
_2078_,9.12
_2899_,9.1
u_pe_array.u_fifo1.buffer\[8\]\[2\],9.1
_0540_,9.085
_0030_,9.08
_0075_,9.08
_0077_,9.08
_0608_,9.08
_2705_,9.08
_2970_,9.08
_3301_,9.08
net142,9.08
_0454_,9.06
_2241_,9.06
u_pe_array.g_pe_row\[3\].g_pe_col\[2\].u_pe.move_reg\[6\],9.06
net675,9.06
_1030_,9.04
_2838_,9.04
_3217_,9.04
u_pe_array.u_fifo2.buffer\[8\]\[5\],9.04
_0398_,9.02
_0817_,9.02
_0874_,9.02
_1506_,9.02
_2058_,9.02
_3200_,9.02
_3244_,9.02
u_pe_array.g_pe_row\[3\].g_pe_col\[3\].u_pe.move_reg\[11\],9.02
net421,9.02
_1109_,9.015
_1198_,9
_2631_,9
_0098_,8.98
_2047_,8.98
_2293_,8.98
_3169_,8.98
net801,8.98
_1309_,8.96
_1720_,8.96
_2408_,8.96
_3084_,8.96
_3386_,8.96
psum_out1[0],8.96
psum_out1[11],8.96
_2329_,8.945
u_pe_array.u_fifo1.buffer\[6\]\[0\],8.945
_0395_,8.94
_1942_,8.94
_2052_,8.94
_3036_,8.94
net277,8.94
net342,8.94
_1211_,8.92
_1915_,8.92
_0752_,8.9
_1450_,8.9
_3004_,8.9
_3113_,8.9
u_pe_array.u_fifo1.buffer\[5\]\[4\],8.9
net356,8.9
_0872_,8.88
_1568_,8.88
_2160_,8.88
_1827_,8.86
_2915_,8.86
_3230_,8.86
net273,8.86
net531,8.86
_0784_,8.84
h_in0[5],8.84
v_in0[4],8.84
_0668_,8.825
_2540_,8.825
_1156_,8.82
_1582_,8.82
_2584_,8.82
net330,8.82
_3281_,8.8
u_pe_array.u_fifo2.buffer\[1\]\[2\],8.8
_0951_,8.78
_2390_,8.78
_2562_,8.78
net77,8.78
net166,8.78
net398,8.78
net505,8.78
_2353_,8.76
u_pe_array.u_fifo2.buffer\[6\]\[3\],8.76
_0164_,8.74
_0355_,8.74
_1253_,8.74
w_in_flat[6],8.73
_0419_,8.72
_0452_,8.72
_0794_,8.72
_0936_,8.72
v_in1[1],8.72
w_in_flat[4],8.72
net123,8.72
net672,8.72
net769,8.72
net776,8.72
u_pe_array.u_fifo1.buffer\[6\]\[4\],8.705
_1250_,8.7
_1362_,8.7
_2491_,8.7
net510,8.7
_0006_,8.68
_1179_,8.68
_2380_,8.68
_2422_,8.68
_1351_,8.66
_1692_,8.66
_1727_,8.66
_2742_,8.66
_0360_,8.62
_1062_,8.62
_1646_,8.62
v_in1[3],8.61
_1412_,8.6
_1519_,8.6
_2103_,8.6
_3352_,8.6
net829,8.6
net830,8.6
_0859_,8.58
_0893_,8.58
_0977_,8.58
_1592_,8.58
_2765_,8.58
u_pe_array.u_fifo1.buffer\[1\]\[5\],8.58
net132,8.58
_1501_,8.565
_0078_,8.56
_0099_,8.56
_1475_,8.56
_1760_,8.56
_3371_,8.56
u_pe_array.g_pe_row\[3\].g_pe_col\[2\].u_pe.move_reg\[11\],8.56
_2770_,8.55
_2664_,8.54
u_pe_array.g_pe_row\[3\].g_pe_col\[0\].u_pe.move_reg\[9\],8.54
u_pe_array.u_fifo1.buffer\[6\]\[9\],8.54
u_pe_array.u_fifo2.buffer\[1\]\[3\],8.54
_0643_,8.525
_1932_,8.52
_2732_,8.52
_3202_,8.52
_3338_,8.52
_1578_,8.5
u_pe_array.u_fifo1.buffer\[8\]\[9\],8.5
h_in1[0],8.49
_2295_,8.48
_2371_,8.48
_2665_,8.48
_2947_,8.48
_3415_,8.48
_1047_,8.46
_1361_,8.46
u_pe_array.g_pe_row\[2\].g_pe_col\[1\].u_pe.move_reg\[9\],8.46
net130,8.46
_1071_,8.44
_1805_,8.44
_2995_,8.44
_3209_,8.44
u_pe_array.u_fifo1.buffer\[7\]\[0\],8.44
net116,8.44
net224,8.44
net467,8.44
net664,8.44
_1449_,8.42
_2300_,8.42
_3163_,8.42
_1659_,8.4
_2148_,8.4
_3367_,8.4
_3435_,8.4
_3319_,8.38
_3059_,8.37
_0486_,8.365
_3102_,8.36
net669,8.36
_1771_,8.355
_0104_,8.34
_0106_,8.34
_1033_,8.34
_2237_,8.34
_2545_,8.34
_2905_,8.34
_3192_,8.34
net529,8.34
_1773_,8.32
_2099_,8.32
u_pe_array.g_pe_row\[2\].g_pe_col\[3\].u_pe.w_buffer\[1\],8.32
_1740_,8.3
_3339_,8.3
net304,8.3
_0331_,8.28
_0348_,8.28
_0455_,8.28
_0611_,8.28
_1987_,8.28
v_in1[4],8.27
_0347_,8.26
_1146_,8.26
_2979_,8.26
psum_out0[10],8.26
psum_out0[12],8.26
psum_out0[2],8.26
psum_out0[9],8.26
net644,8.26
_0160_,8.24
_1053_,8.24
_1274_,8.24
_1878_,8.24
_2219_,8.24
_3353_,8.24
u_pe_array.g_pe_row\[1\].g_pe_col\[3\].u_pe.move_reg\[9\],8.24
net688,8.24
_2497_,8.22
h_in1[5],8.22
net183,8.22
net446,8.22
net694,8.22
_0892_,8.2
_0958_,8.2
_1674_,8.2
_1927_,8.2
_2031_,8.2
_2242_,8.2
_0526_,8.185
_0162_,8.18
_0798_,8.18
_2620_,8.18
_2944_,8.18
_0036_,8.16
_0054_,8.16
_0076_,8.16
_0195_,8.16
_0238_,8.16
_0241_,8.16
_0288_,8.16
_0319_,8.16
_1490_,8.16
_3291_,8.16
_3303_,8.16
net122,8.16
net204,8.16
u_pe_array.g_pe_row\[0\].g_pe_col\[1\].u_pe.move_reg\[6\],8.14
u_pe_array.g_pe_row\[0\].g_pe_col\[3\].u_pe.move_reg\[6\],8.14
u_pe_array.u_fifo1.buffer\[3\]\[5\],8.14
net156,8.14
_1513_,8.12
_1951_,8.12
_2566_,8.12
u_pe_array.u_fifo1.buffer\[0\]\[2\],8.12
net750,8.12
_0313_,8.1
_1174_,8.1
_1416_,8.1
_1486_,8.1
_1842_,8.1
_2616_,8.1
_2919_,8.1
_3218_,8.1
_3326_,8.1
_3356_,8.1
net80,8.1
_3141_,8.08
_0981_,8.06
_1021_,8.06
u_pe_array.u_fifo1.buffer\[5\]\[12\],8.06
_1401_,8.04
_1651_,8.04
_1967_,8.04
_2581_,8.04
_2891_,8.04
net401,8.04
net585,8.04
_1099_,8.03
_0203_,8.02
_0328_,8.02
_1628_,8.02
_1718_,8.02
_1784_,8.02
_2510_,8.02
u_pe_array.u_fifo1.buffer\[8\]\[3\],8.02
net616,8.02
net790,8.02
_1366_,8
_2443_,8
_2930_,8
_1480_,7.98
_1724_,7.98
_1941_,7.98
_2004_,7.98
_2451_,7.98
_2459_,7.98
_2721_,7.98
_2884_,7.98
u_pe_array.u_fifo2.buffer\[3\]\[3\],7.98
u_pe_array.u_fifo2.buffer\[5\]\[5\],7.98
_1602_,7.96
_1715_,7.96
_2684_,7.96
net537,7.96
_0774_,7.94
net290,7.94
h_in0[1],7.93
_1235_,7.92
_1329_,7.92
_1683_,7.9
_1888_,7.9
_2613_,7.9
_2959_,7.9
u_pe_array.u_fifo2.buffer\[7\]\[2\],7.88
_0610_,7.86
_1538_,7.86
_2445_,7.86
_2737_,7.86
_3107_,7.86
_0392_,7.84
_1813_,7.84
_3152_,7.84
_0384_,7.82
_0449_,7.82
_1158_,7.82
net796,7.82
h_in1[3],7.81
_1908_,7.8
_1959_,7.8
net659,7.8
psum_out1[4],7.79
_1010_,7.78
_2164_,7.78
_2170_,7.78
_2172_,7.78
_2882_,7.78
_3021_,7.78
_3023_,7.78
net821,7.78
_2072_,7.775
_0496_,7.76
_1035_,7.76
_1100_,7.76
_1404_,7.76
u_pe_array.u_fifo2.buffer\[8\]\[3\],7.74
net323,7.74
net526,7.74
_1664_,7.72
_2699_,7.72
net244,7.72
_1374_,7.7
u_pe_array.u_fifo1.buffer\[3\]\[9\],7.7
_1703_,7.695
net638,7.69
_0242_,7.68
_0339_,7.68
u_pe_array.g_pe_row\[3\].g_pe_col\[2\].u_pe.w_buffer\[1\],7.68
u_pe_array.u_fifo1.buffer\[6\]\[6\],7.68
u_pe_array.u_fifo2.buffer\[4\]\[8\],7.68
u_pe_array.u_fifo2.buffer\[7\]\[6\],7.68
_1429_,7.66
_1593_,7.66
_2923_,7.66
net464,7.66
_1163_,7.64
_1214_,7.64
_1423_,7.64
_1463_,7.64
_1728_,7.64
_1807_,7.64
_1823_,7.64
_2030_,7.64
_2215_,7.64
_2492_,7.64
_2744_,7.64
_3327_,7.64
_3375_,7.64
_3377_,7.64
_2128_,7.62
net118,7.62
psum_out0[7],7.61
_0633_,7.605
_1799_,7.6
_3206_,7.6
_0105_,7.58
_1474_,7.58
_1557_,7.58
psum_out0[0],7.58
psum_out0[8],7.58
u_pe_array.u_fifo2.buffer\[5\]\[2\],7.58
_2169_,7.56
_2327_,7.56
_2496_,7.56
_2994_,7.56
_3008_,7.56
_3334_,7.56
net216,7.56
net266,7.56
_1615_,7.54
_2105_,7.54
_2653_,7.54
_2774_,7.54
_1017_,7.52
_2865_,7.52
_2977_,7.52
_2996_,7.52
net115,7.52
net301,7.52
_0213_,7.485
_1252_,7.48
_1633_,7.46
net352,7.46
net558,7.46
net563,7.46
_1461_,7.44
_2759_,7.44
_1934_,7.43
_2793_,7.42
net405,7.42
_0868_,7.405
_0393_,7.4
_1881_,7.4
_2610_,7.4
_3143_,7.4
u_pe_array.u_fifo1.count\[1\],7.4
u_pe_array.u_fifo2.buffer\[0\]\[2\],7.4
psum_out1[8],7.37
_2102_,7.36
net557,7.36
_0111_,7.34
_0217_,7.34
_0401_,7.34
net703,7.34
_0007_,7.32
_0350_,7.32
_1472_,7.32
_1581_,7.32
_1695_,7.32
_1731_,7.32
_2645_,7.32
_3150_,7.32
net535,7.32
_0250_,7.3
_0904_,7.3
_1783_,7.3
_2414_,7.3
_0226_,7.26
_0334_,7.26
_2209_,7.26
_2220_,7.26
net164,7.26
h_in0[2],7.25
_0576_,7.245
_2260_,7.24
_2572_,7.24
u_pe_array.u_fifo1.buffer\[4\]\[6\],7.24
net628,7.24
_0257_,7.22
_0483_,7.22
_2193_,7.22
_2287_,7.22
u_pe_array.g_pe_row\[3\].g_pe_col\[1\].u_pe.move_reg\[10\],7.22
u_pe_array.u_fifo2.buffer\[5\]\[7\],7.22
u_pe_array.u_fifo2.buffer\[8\]\[0\],7.22
net119,7.22
net402,7.22
net711,7.22
net736,7.22
net778,7.22
net827,7.22
_1294_,7.2
_1313_,7.2
_1949_,7.2
_2471_,7.2
_2687_,7.2
_0606_,7.18
_0937_,7.18
_1766_,7.18
_1795_,7.18
_1874_,7.18
_2553_,7.18
_3119_,7.18
_3212_,7.18
_3387_,7.18
u_pe_array.u_fifo2.buffer\[2\]\[9\],7.18
u_pe_array.u_fifo2.buffer\[8\]\[10\],7.18
u_pe_array.u_fifo2.buffer\[8\]\[6\],7.18
net739,7.18
net785,7.18
_2697_,7.17
_0556_,7.165
_1556_,7.165
_0019_,7.16
_2752_,7.16
_0451_,7.14
_2398_,7.14
_2555_,7.14
_3198_,7.14
_3329_,7.14
_3383_,7.14
_3437_,7.14
u_pe_array.g_pe_row\[3\].g_pe_col\[2\].u_pe.w_reg\[1\],7.14
net291,7.14
net440,7.14
net562,7.14
_1199_,7.12
_2657_,7.12
_3394_,7.12
_0555_,7.105
_0669_,7.105
_0944_,7.1
_0969_,7.1
_2341_,7.1
_3127_,7.1
_3181_,7.1
_3280_,7.1
u_pe_array.g_pe_row\[0\].g_pe_col\[2\].u_pe.move_reg\[12\],7.1
u_pe_array.u_fifo2.buffer\[6\]\[0\],7.1
net44,7.1
net370,7.1
net508,7.1
net555,7.1
net622,7.1
net706,7.1
_2746_,7.09
_1159_,7.08
_1583_,7.08
_2632_,7.08
_2702_,7.08
net476,7.08
_0326_,7.06
_0744_,7.06
_0955_,7.06
_1723_,7.06
_1841_,7.06
_2635_,7.06
_3174_,7.06
u_pe_array.u_fifo1.buffer\[7\]\[10\],7.06
net259,7.06
net265,7.06
net494,7.06
_1590_,7.055
_2570_,7.04
_2689_,7.04
_3227_,7.04
w_in_flat[5],7.03
_0800_,6.98
_1055_,6.98
_1531_,6.98
_2524_,6.98
_2835_,6.98
_3065_,6.98
_3155_,6.98
_3237_,6.98
net128,6.98
net381,6.98
net722,6.98
_1039_,6.96
_3161_,6.96
u_pe_array.g_pe_row\[2\].g_pe_col\[2\].u_pe.move_reg\[7\],6.96
_1316_,6.94
_2926_,6.94
_0041_,6.925
_0187_,6.92
_0297_,6.92
_1116_,6.91
_0045_,6.88
_0337_,6.88
_0405_,6.88
_0444_,6.88
_2479_,6.88
net139,6.88
net592,6.88
net610,6.88
_1849_,6.86
_1873_,6.86
_1961_,6.86
_2045_,6.86
_2755_,6.86
_2786_,6.86
_0435_,6.84
_0607_,6.84
_1332_,6.84
net114,6.84
net784,6.84
_0684_,6.825
_1134_,6.82
_2364_,6.82
_2656_,6.82
_0114_,6.8
net136,6.8
_0982_,6.78
_2629_,6.78
_2771_,6.78
_0115_,6.76
_0316_,6.76
_2003_,6.76
_2303_,6.76
_3045_,6.76
_3240_,6.76
_3252_,6.76
u_pe_array.u_fifo2.buffer\[0\]\[11\],6.76
net155,6.76
net380,6.76
net426,6.76
net572,6.76
net642,6.76
_1249_,6.74
_1285_,6.74
_1562_,6.74
_2722_,6.74
_2790_,6.74
_3170_,6.74
u_pe_array.u_fifo1.buffer\[1\]\[2\],6.74
u_pe_array.u_fifo1.buffer\[7\]\[1\],6.74
net509,6.74
_0222_,6.72
_0268_,6.72
_0344_,6.72
_1188_,6.72
_1840_,6.72
_2032_,6.72
_2412_,6.72
_3131_,6.72
_3233_,6.72
_3261_,6.72
_3294_,6.72
_3322_,6.72
u_pe_array.u_fifo1.buffer\[5\]\[0\],6.72
net357,6.72
net554,6.72
_0807_,6.7
_0881_,6.7
_2356_,6.7
_2557_,6.7
_0661_,6.685
_1348_,6.66
_1721_,6.66
_1845_,6.66
_3385_,6.66
net635,6.66
_0648_,6.645
_1390_,6.64
_1408_,6.64
_1535_,6.64
_1604_,6.64
_2129_,6.64
_2203_,6.64
_3221_,6.64
_3277_,6.64
_3295_,6.64
_3305_,6.64
u_pe_array.u_fifo1.buffer\[1\]\[4\],6.64
u_pe_array.u_fifo1.buffer\[4\]\[3\],6.64
u_pe_array.u_fifo2.buffer\[4\]\[0\],6.64
net594,6.64
net698,6.64
net717,6.64
_2885_,6.63
_1571_,6.62
_2073_,6.62
_2962_,6.62
u_pe_array.u_fifo2.buffer\[4\]\[12\],6.62
_2344_,6.615
_0776_,6.6
_0843_,6.6
_0935_,6.6
_1119_,6.6
_1227_,6.6
_1358_,6.6
_1383_,6.6
_1609_,6.6
_1684_,6.6
_2516_,6.6
_2895_,6.6
_3199_,6.6
u_pe_array.g_pe_row\[2\].g_pe_col\[0\].u_pe.move_reg\[11\],6.6
net79,6.6
net232,6.6
net236,6.6
net354,6.6
net427,6.6
net518,6.6
net536,6.6
_1382_,6.58
_2201_,6.58
_2623_,6.54
_2799_,6.54
_1563_,6.52
_2764_,6.52
_2907_,6.52
u_pe_array.g_pe_row\[2\].g_pe_col\[3\].u_pe.w_buffer\[0\],6.52
net262,6.52
net305,6.52
net499,6.52
net528,6.52
net530,6.52
net650,6.52
net690,6.52
net763,6.52
_1078_,6.5
_2194_,6.5
_2924_,6.5
net234,6.5
net280,6.5
net452,6.5
_0200_,6.48
_0380_,6.48
_0382_,6.48
_0930_,6.48
_1859_,6.48
net469,6.48
net777,6.48
_0628_,6.465
net230,6.46
net615,6.44
_0062_,6.42
_0374_,6.42
_0474_,6.42
_2535_,6.42
_2921_,6.42
net730,6.42
_0121_,6.4
_0922_,6.4
_3016_,6.4
_3048_,6.4
_3080_,6.4
_3314_,6.4
u_fsm.next_state\[0\],6.4
net149,6.4
_0219_,6.38
_0831_,6.38
net120,6.38
net733,6.38
_0712_,6.365
_0139_,6.36
_1200_,6.36
_3285_,6.36
_1681_,6.35
_0567_,6.325
_0629_,6.325
_1550_,6.32
_1765_,6.32
_2785_,6.32
_3159_,6.32
net484,6.32
_0566_,6.305
_0636_,6.305
_0637_,6.305
_0145_,6.3
_0153_,6.3
_0796_,6.3
_0813_,6.3
_0942_,6.3
_1614_,6.3
_1899_,6.3
_1924_,6.3
_2576_,6.3
_2588_,6.3
_3416_,6.3
_3420_,6.3
u_pe_array.u_fifo1.buffer\[1\]\[7\],6.3
u_pe_array.u_fifo2.buffer\[2\]\[6\],6.3
net333,6.3
_0068_,6.28
_1037_,6.28
_1584_,6.28
_2900_,6.28
_2918_,6.28
_2984_,6.28
_0227_,6.26
_0400_,6.26
_0995_,6.26
_1447_,6.26
_2925_,6.26
_3389_,6.26
_3422_,6.26
u_pe_array.g_pe_row\[0\].g_pe_col\[3\].u_pe.move_reg\[7\],6.26
u_pe_array.u_fifo1.buffer\[0\]\[8\],6.26
u_pe_array.u_fifo1.buffer\[2\]\[11\],6.26
u_pe_array.u_fifo1.buffer\[5\]\[10\],6.26
u_pe_array.u_fifo1.buffer\[7\]\[9\],6.26
u_pe_array.u_fifo2.buffer\[5\]\[10\],6.26
u_pe_array.u_fifo2.buffer\[6\]\[11\],6.26
net433,6.26
net559,6.26
net614,6.26
_2909_,6.24
_0683_,6.225
rst_n,6.21
_1105_,6.2
_1852_,6.2
_1885_,6.2
_1979_,6.2
_1092_,6.18
_1172_,6.18
_1610_,6.18
_2186_,6.18
_2206_,6.18
_2384_,6.18
_2777_,6.18
_2836_,6.18
_3355_,6.18
_3403_,6.18
_3413_,6.18
_3425_,6.18
net242,6.18
_0508_,6.165
_0622_,6.165
_1013_,6.16
_1555_,6.16
_1856_,6.16
_2917_,6.16
net178,6.16
_0989_,6.14
_1296_,6.14
_2619_,6.14
_3123_,6.14
_3193_,6.14
_3346_,6.14
_3374_,6.14
_3430_,6.14
net168,6.14
net237,6.14
net300,6.14
net306,6.14
net312,6.14
net415,6.14
net491,6.14
net495,6.14
net540,6.14
net556,6.14
net766,6.14
_0055_,6.08
_2394_,6.08
_2852_,6.08
net511,6.08
_0519_,6.065
_0533_,6.065
_0617_,6.065
_1106_,6.06
_1225_,6.06
_1605_,6.06
_1770_,6.06
_1846_,6.06
_2655_,6.06
_3316_,6.06
u_pe_array.g_pe_row\[1\].g_pe_col\[0\].u_pe.move_reg\[8\],6.06
net506,6.06
_0466_,6.055
net375,6.04
net447,6.04
net483,6.04
net525,6.04
_0021_,6.02
_0329_,6.02
_0927_,6.02
_1136_,6.02
_1713_,6.02
_2482_,6.02
_0510_,6.005
_0592_,6.005
_0070_,6
_1460_,6
_0244_,5.98
_0978_,5.98
net569,5.98
net684,5.98
_0530_,5.965
_0373_,5.96
_3089_,5.96
net823,5.96
_0086_,5.94
u_pe_array.g_pe_row\[3\].g_pe_col\[0\].u_pe.move_reg\[11\],5.94
_0265_,5.92
net127,5.92
net691,5.92
_0790_,5.9
_1498_,5.9
_2845_,5.9
_1379_,5.86
_1640_,5.86
_2393_,5.86
_0513_,5.855
_1176_,5.855
_0182_,5.84
_0295_,5.84
_0604_,5.84
_0751_,5.84
_1245_,5.84
_1465_,5.84
_1903_,5.84
_2761_,5.84
_2782_,5.84
_3255_,5.84
_3378_,5.84
_3431_,5.84
u_pe_array.u_fifo1.buffer\[5\]\[8\],5.84
u_pe_array.u_fifo2.buffer\[3\]\[10\],5.84
u_pe_array.u_fifo2.buffer\[5\]\[8\],5.84
net408,5.84
net576,5.84
net701,5.84
net774,5.84
_1022_,5.82
_1436_,5.82
_1545_,5.82
_1895_,5.82
_2074_,5.82
_2228_,5.82
_2939_,5.82
_3370_,5.82
_0656_,5.805
_2082_,5.805
_0014_,5.8
_0069_,5.8
_0102_,5.8
_0125_,5.8
_0127_,5.8
_0173_,5.8
_0190_,5.8
_0402_,5.8
_0964_,5.8
_1115_,5.8
_1255_,5.8
_1516_,5.8
_1669_,5.8
_1719_,5.8
_1815_,5.8
_3168_,5.8
_3201_,5.8
_3304_,5.8
_3343_,5.8
_3351_,5.8
_3368_,5.8
_3399_,5.8
net390,5.8
_2500_,5.77
_0459_,5.765
net211,5.76
_1570_,5.75
_0239_,5.74
_0822_,5.74
_1203_,5.74
_1323_,5.74
_1998_,5.74
_2083_,5.74
_2122_,5.74
_0033_,5.72
_1503_,5.72
_2185_,5.72
_2400_,5.72
_2646_,5.72
_2661_,5.72
_3164_,5.72
_3320_,5.72
u_pe_array.u_fifo1.buffer\[0\]\[5\],5.72
u_pe_array.u_fifo2.buffer\[5\]\[6\],5.72
net152,5.72
net274,5.72
net549,5.72
net596,5.72
_0299_,5.7
_1522_,5.7
_1561_,5.7
_1622_,5.7
_1149_,5.68
_1215_,5.68
_1387_,5.68
_1451_,5.68
_1552_,5.68
_1619_,5.68
_1641_,5.68
_2436_,5.68
_2855_,5.68
_3100_,5.68
_3256_,5.68
_3265_,5.68
_3332_,5.68
_3337_,5.68
_3360_,5.68
net112,5.68
net201,5.68
net239,5.68
net298,5.68
net310,5.68
net458,5.68
net524,5.68
_0572_,5.645
_0412_,5.64
psum_out0[3],5.63
psum_out1[3],5.63
_2118_,5.62
_2177_,5.62
_2480_,5.62
net235,5.62
net487,5.62
net630,5.62
net754,5.62
_0550_,5.605
_0146_,5.6
_1363_,5.6
_1409_,5.6
_2048_,5.6
_2359_,5.6
_2432_,5.6
_2906_,5.6
_3068_,5.6
_3076_,5.6
u_pe_array.g_pe_row\[1\].g_pe_col\[3\].u_pe.move_reg\[11\],5.6
net657,5.6
_1636_,5.58
_1797_,5.58
net243,5.58
net251,5.58
net441,5.58
net561,5.58
_0223_,5.56
_1108_,5.56
_1337_,5.56
_2135_,5.56
_0674_,5.555
_2819_,5.535
_2276_,5.52
_2682_,5.52
net397,5.52
net436,5.52
net477,5.52
net568,5.52
_2409_,5.5
_2736_,5.5
_3396_,5.5
u_fsm.en,5.5
net97,5.5
net552,5.5
net767,5.495
_0481_,5.48
_1164_,5.48
_1232_,5.48
_1319_,5.48
_2179_,5.48
_2251_,5.48
_2659_,5.48
_2676_,5.48
u_pe_array.g_pe_row\[3\].g_pe_col\[3\].u_pe.move_reg\[10\],5.48
u_pe_array.u_fifo1.buffer\[7\]\[3\],5.48
_0090_,5.46
_0118_,5.46
_0148_,5.46
_0740_,5.46
_0873_,5.46
_1142_,5.46
_2023_,5.46
_2027_,5.46
_2107_,5.46
_2530_,5.46
_3011_,5.46
net438,5.46
net445,5.46
net798,5.46
_0460_,5.445
_2710_,5.44
_3069_,5.44
_0206_,5.435
_0654_,5.435
_0665_,5.435
psum_out1[12],5.41
_0529_,5.405
_2002_,5.4
_2190_,5.4
_2361_,5.4
_2483_,5.4
_2532_,5.4
_2775_,5.4
_2805_,5.4
_2951_,5.4
_2964_,5.4
_3038_,5.4
_3101_,5.4
u_pe_array.u_fifo1.buffer\[2\]\[8\],5.4
net134,5.4
net598,5.4
net758,5.4
net791,5.4
_0035_,5.38
_0089_,5.38
_0254_,5.38
_0270_,5.38
_0336_,5.38
_0818_,5.38
_1063_,5.38
_1803_,5.38
_1837_,5.38
_2438_,5.38
_3129_,5.38
_3186_,5.38
_3328_,5.38
_3400_,5.38
u_pe_array.g_pe_row\[0\].g_pe_col\[1\].u_pe.move_reg\[7\],5.38
u_pe_array.g_pe_row\[2\].g_pe_col\[3\].u_pe.move_reg\[6\],5.38
u_pe_array.g_pe_row\[3\].g_pe_col\[3\].u_pe.move_reg\[9\],5.38
u_pe_array.u_fifo1.buffer\[4\]\[11\],5.38
u_pe_array.u_fifo1.buffer\[7\]\[11\],5.38
u_pe_array.u_fifo2.buffer\[3\]\[11\],5.38
u_pe_array.u_fifo2.buffer\[5\]\[9\],5.38
u_pe_array.u_fifo2.buffer\[6\]\[6\],5.38
net514,5.38
net547,5.38
_1230_,5.36
_1844_,5.36
_0980_,5.35
_0091_,5.34
_0915_,5.34
_1325_,5.34
_1326_,5.34
_1691_,5.34
_2111_,5.34
_2268_,5.34
_2402_,5.34
_2724_,5.34
_3125_,5.34
_3220_,5.34
_3266_,5.34
_3290_,5.34
_3333_,5.34
_3341_,5.34
_3345_,5.34
_3391_,5.34
u_pe_array.g_pe_row\[1\].g_pe_col\[2\].u_pe.move_reg\[8\],5.34
u_pe_array.u_fifo1.buffer\[0\]\[10\],5.34
u_pe_array.u_fifo1.buffer\[1\]\[11\],5.34
u_pe_array.u_fifo2.buffer\[0\]\[10\],5.34
net364,5.34
net366,5.34
net545,5.34
_0497_,5.305
_0524_,5.305
_0001_,5.28
_1673_,5.28
_2642_,5.28
_2904_,5.28
_2920_,5.28
_3342_,5.28
_3406_,5.28
_0502_,5.265
_0473_,5.26
_0910_,5.26
_0960_,5.26
_0975_,5.26
_1036_,5.26
_1043_,5.26
_1097_,5.26
_1279_,5.26
_1344_,5.26
_1360_,5.26
_1505_,5.26
_1586_,5.26
_1644_,5.26
_1699_,5.26
_1759_,5.26
_1835_,5.26
_1892_,5.26
_1898_,5.26
_1945_,5.26
_2245_,5.26
_2454_,5.26
_2692_,5.26
_2816_,5.26
_3117_,5.26
_3196_,5.26
_3203_,5.26
_3232_,5.26
_3372_,5.26
_3393_,5.26
net43,5.26
net207,5.26
net455,5.26
_0172_,5.24
_0825_,5.24
_1764_,5.24
_2501_,5.24
_1514_,5.22
_1647_,5.22
_1650_,5.22
_1677_,5.22
_1936_,5.22
_1957_,5.22
_1994_,5.22
_2143_,5.22
_2338_,5.22
_2605_,5.22
_2630_,5.22
_2708_,5.22
_2985_,5.22
_3022_,5.22
_3111_,5.22
_3135_,5.22
_3171_,5.22
_3191_,5.22
_3210_,5.22
_3231_,5.22
_3275_,5.22
_3299_,5.22
net248,5.22
net256,5.22
net329,5.22
net414,5.22
_0918_,5.18
_0824_,5.16
_1356_,5.16
_2877_,5.16
net522,5.16
_1165_,5.14
_2114_,5.14
_2252_,5.14
_2715_,5.14
_2822_,5.14
_2829_,5.14
_2863_,5.14
_3034_,5.14
_3340_,5.14
u_pe_array.g_pe_row\[3\].g_pe_col\[3\].u_pe.move_reg\[6\],5.14
net113,5.14
net195,5.14
net264,5.14
net378,5.14
net478,5.14
net496,5.14
net212,5.12
net253,5.12
net279,5.12
net340,5.12
net341,5.12
net450,5.12
net454,5.12
net513,5.12
_1151_,5.095
_0154_,5.085
_0498_,5.085
_0635_,5.085
_0658_,5.085
_0345_,5.07
_1345_,5.06
_1606_,5.06
_1914_,5.06
u_pe_array.g_pe_row\[1\].g_pe_col\[3\].u_pe.w_buffer\[1\],5.06
net422,5.06
net715,5.06
net781,5.06
_0042_,5.04
_0073_,5.04
_1378_,5.04
_1624_,5.04
_2079_,5.04
_2472_,5.04
_2869_,5.04
net474,5.04
net683,5.04
_0271_,5.02
_1190_,5.02
_1567_,5.02
_2521_,5.02
_2902_,5.02
_3042_,5.02
net396,5.02
net702,5.02
_0385_,5
_0387_,5
_0438_,5
_1186_,5
_1476_,5
_1527_,5
_1745_,5
_1986_,5
_2154_,5
_2232_,5
_2846_,5
net196,5
net538,5
net678,5
_0714_,4.985
_1018_,4.98
_0664_,4.975
psum_out1[2],4.95
_0619_,4.945
_1150_,4.94
_1386_,4.94
_1511_,4.94
_2055_,4.94
_2225_,4.94
_2424_,4.94
net646,4.94
_0623_,4.925
_0209_,4.92
_0292_,4.92
_0945_,4.92
_0976_,4.92
_1281_,4.92
_1542_,4.92
_1627_,4.92
_1678_,4.92
_1929_,4.92
_2310_,4.92
_2872_,4.92
_2878_,4.92
_3205_,4.92
_3228_,4.92
_3234_,4.92
_3359_,4.92
_3398_,4.92
u_pe_array.g_pe_row\[0\].g_pe_col\[1\].u_pe.move_reg\[10\],4.92
u_pe_array.g_pe_row\[3\].g_pe_col\[0\].u_pe.w_buffer\[1\],4.92
u_pe_array.g_pe_row\[3\].g_pe_col\[2\].u_pe.move_reg\[7\],4.92
u_pe_array.u_fifo1.buffer\[4\]\[12\],4.92
u_pe_array.u_fifo1.buffer\[8\]\[7\],4.92
u_pe_array.u_fifo2.buffer\[3\]\[6\],4.92
u_pe_array.u_fifo2.buffer\[6\]\[7\],4.92
net151,4.92
net351,4.92
net377,4.92
_1643_,4.905
_1271_,4.9
_2059_,4.9
_2831_,4.9
_0667_,4.885
_0061_,4.88
_0310_,4.88
_0371_,4.88
_0482_,4.88
_1133_,4.88
_1389_,4.88
_1448_,4.88
_1541_,4.88
_1601_,4.88
_2427_,4.88
_2429_,4.88
_2513_,4.88
_2590_,4.88
_2598_,4.88
_3133_,4.88
_3250_,4.88
_3348_,4.88
_3402_,4.88
_3433_,4.88
u_pe_array.u_fifo1.buffer\[7\]\[6\],4.88
net326,4.88
net349,4.88
net565,4.88
_3014_,4.86
_0580_,4.845
_0706_,4.845
_0804_,4.82
_1085_,4.82
_1400_,4.82
_1559_,4.82
_1717_,4.82
_2162_,4.82
_2419_,4.82
_2538_,4.82
_2633_,4.82
_2638_,4.82
_3005_,4.82
_3272_,4.82
net609,4.82
_2850_,4.81
_0599_,4.8
_1248_,4.8
_1338_,4.8
_1491_,4.8
_1894_,4.8
_2049_,4.8
_2084_,4.8
_2213_,4.8
_2267_,4.8
_2531_,4.8
_2541_,4.8
_2552_,4.8
_2707_,4.8
_2734_,4.8
_2889_,4.8
_3066_,4.8
_3145_,4.8
_3187_,4.8
u_pe_array.u_fifo1.buffer\[2\]\[12\],4.8
net299,4.8
net473,4.8
net498,4.8
net587,4.8
_1114_,4.795
_0879_,4.78
_1707_,4.78
_2908_,4.78
_0290_,4.76
_0324_,4.76
_0984_,4.76
_0987_,4.76
_1515_,4.76
_1587_,4.76
_1690_,4.76
_1868_,4.76
_2097_,4.76
_2397_,4.76
_2551_,4.76
_3215_,4.76
_3390_,4.76
net220,4.76
net742,4.76
_2239_,4.74
_1739_,4.7
net275,4.7
net344,4.7
net376,4.7
_1147_,4.695
u_pe_array.u_fifo2.buffer\[2\]\[5\],4.685
_0361_,4.68
_2109_,4.68
_2182_,4.68
_2810_,4.68
_2821_,4.68
_3046_,4.68
net621,4.68
net210,4.66
net221,4.66
net319,4.66
net324,4.66
net428,4.66
net431,4.66
net442,4.66
net520,4.66
net573,4.66
net600,4.66
_0565_,4.625
_1051_,4.6
_2069_,4.6
net219,4.6
net482,4.6
net695,4.6
net794,4.6
net828,4.6
_0571_,4.585
_0574_,4.585
_0056_,4.58
_0177_,4.58
_0261_,4.58
_1040_,4.58
_1660_,4.58
_2088_,4.58
_2467_,4.58
_2578_,4.58
_2747_,4.58
_3013_,4.58
net110,4.58
net146,4.58
net169,4.58
net293,4.58
net603,4.58
net789,4.58
u_pe_array.u_fifo2.buffer\[2\]\[0\],4.565
_0008_,4.56
_0375_,4.56
_1069_,4.56
_1322_,4.56
_1365_,4.56
_2503_,4.56
_2911_,4.56
_2969_,4.56
net138,4.56
_3035_,4.555
_0058_,4.54
_0186_,4.54
_0269_,4.54
_0381_,4.54
_0853_,4.54
_0925_,4.54
_2741_,4.54
_2936_,4.54
_3044_,4.54
net42,4.54
_0523_,4.525
_2637_,4.52
_0888_,4.48
_1075_,4.48
_1317_,4.48
_1434_,4.48
_2965_,4.48
net719,4.48
net721,4.48
net825,4.48
_0017_,4.46
_0314_,4.46
_0372_,4.46
_0394_,4.46
_0423_,4.46
_0476_,4.46
_0594_,4.46
_0856_,4.46
_1863_,4.46
_2180_,4.46
_2244_,4.46
_2257_,4.46
_2625_,4.46
_2658_,4.46
_2663_,4.46
_2754_,4.46
_3344_,4.46
_3429_,4.46
u_pe_array.g_pe_row\[1\].g_pe_col\[3\].u_pe.move_reg\[8\],4.46
u_pe_array.g_pe_row\[2\].g_pe_col\[1\].u_pe.w_buffer\[1\],4.46
u_pe_array.u_fifo1.buffer\[1\]\[12\],4.46
u_pe_array.u_fifo1.buffer\[4\]\[9\],4.46
u_pe_array.u_fifo1.buffer\[5\]\[6\],4.46
u_pe_array.u_fifo1.buffer\[6\]\[12\],4.46
u_pe_array.u_fifo1.buffer\[8\]\[12\],4.46
u_pe_array.u_fifo2.buffer\[1\]\[10\],4.46
u_pe_array.u_fifo2.buffer\[2\]\[12\],4.46
u_pe_array.u_fifo2.buffer\[3\]\[9\],4.46
u_pe_array.u_fifo2.buffer\[7\]\[12\],4.46
net165,4.46
net217,4.46
net238,4.46
_0202_,4.44
_1065_,4.44
_1455_,4.44
_2302_,4.44
_3075_,4.44
_0487_,4.425
_0676_,4.425
_0260_,4.42
_0354_,4.42
_1521_,4.42
_1811_,4.42
_2167_,4.42
_2349_,4.42
_3175_,4.42
_3235_,4.42
_3273_,4.42
u_pe_array.u_fifo1.buffer\[3\]\[0\],4.42
net404,4.42
net517,4.42
_2498_,4.39
done,4.39
psum_out1[10],4.39
_0514_,4.385
_0625_,4.385
_0692_,4.385
_1304_,4.36
_1819_,4.36
_2006_,4.36
_2554_,4.36
_2766_,4.36
_3167_,4.36
_3172_,4.36
_3410_,4.36
u_pe_array.u_fifo1.buffer\[6\]\[11\],4.36
_0037_,4.34
_0052_,4.34
_0725_,4.34
_0917_,4.34
_1044_,4.34
_1118_,4.34
_1246_,4.34
_1588_,4.34
_1848_,4.34
_2214_,4.34
_2269_,4.34
_2308_,4.34
_2416_,4.34
_2494_,4.34
_2679_,4.34
_2772_,4.34
_3179_,4.34
_3310_,4.34
u_pe_array.g_pe_row\[2\].g_pe_col\[1\].u_pe.move_reg\[8\],4.34
u_pe_array.u_fifo1.buffer\[5\]\[5\],4.34
u_pe_array.u_fifo2.buffer\[5\]\[12\],4.34
net241,4.34
net283,4.34
net327,4.34
net343,4.34
net444,4.34
net575,4.34
net723,4.34
_0040_,4.305
_0137_,4.305
_0609_,4.305
_0541_,4.295
_0491_,4.24
_0793_,4.24
_1207_,4.24
_2508_,4.24
_2927_,4.24
net218,4.24
net225,4.24
_0084_,4.22
_1048_,4.22
_1295_,4.22
_1437_,4.22
_1580_,4.22
_2342_,4.22
_2368_,4.22
_2392_,4.22
_2767_,4.22
_3017_,4.22
net247,4.22
u_pe_array.g_pe_row\[1\].g_pe_col\[2\].u_pe.move_reg\[10\],4.2
net255,4.2
net269,4.2
net453,4.2
_0211_,4.165
_0215_,4.165
_0587_,4.165
_0679_,4.165
_0687_,4.165
_0003_,4.15
_1303_,4.14
_3058_,4.14
net131,4.14
net314,4.14
net461,4.14
net489,4.14
net751,4.14
_2589_,4.13
_0025_,4.12
_0027_,4.12
_0051_,4.12
_0185_,4.12
_0298_,4.12
_0351_,4.12
_0403_,4.12
_0429_,4.12
_1403_,4.12
_1658_,4.12
_1774_,4.12
_2420_,4.12
_2703_,4.12
u_pe_array.g_pe_row\[1\].g_pe_col\[2\].u_pe.w_reg\[1\],4.12
net98,4.12
net99,4.12
net109,4.12
net117,4.12
net157,4.12
net167,4.12
net419,4.12
net501,4.12
net651,4.12
net765,4.12
net802,4.12
u_pe_array.u_fifo2.buffer\[2\]\[2\],4.105
_0138_,4.1
_0309_,4.1
_0437_,4.1
_0919_,4.1
_1891_,4.1
_2534_,4.1
net101,4.1
net307,4.1
net439,4.1
_0228_,4.08
_0317_,4.08
_0433_,4.08
_1213_,4.08
_1507_,4.08
_2982_,4.08
net384,4.08
net652,4.08
_0471_,4.045
_1102_,4.02
_1484_,4.02
u_pe_array.u_fifo1.buffer\[5\]\[9\],4.02
net413,4.02
net708,4.02
net755,4.02
_0422_,4.005
_0095_,4
_0159_,4
_0169_,4
_0181_,4
_0224_,4
_0286_,4
_0369_,4
_1234_,4
_1284_,4
_1388_,4
_1435_,4
_1921_,4
_2486_,4
_2520_,4
_2694_,4
_2941_,4
_2946_,4
_3395_,4
u_pe_array.g_pe_row\[2\].g_pe_col\[3\].u_pe.move_reg\[12\],4
u_pe_array.g_pe_row\[3\].g_pe_col\[1\].u_pe.move_reg\[9\],4
u_pe_array.u_fifo1.buffer\[0\]\[12\],4
u_pe_array.u_fifo1.buffer\[0\]\[6\],4
u_pe_array.u_fifo1.buffer\[1\]\[10\],4
u_pe_array.u_fifo1.buffer\[2\]\[10\],4
u_pe_array.u_fifo1.buffer\[2\]\[9\],4
u_pe_array.u_fifo1.buffer\[4\]\[7\],4
u_pe_array.u_fifo1.buffer\[5\]\[7\],4
u_pe_array.u_fifo1.buffer\[7\]\[8\],4
u_pe_array.u_fifo2.buffer\[1\]\[12\],4
u_pe_array.u_fifo2.buffer\[2\]\[11\],4
u_pe_array.u_fifo2.buffer\[4\]\[11\],4
u_pe_array.u_fifo2.buffer\[7\]\[10\],4
u_pe_array.u_fifo2.buffer\[7\]\[9\],4
net104,4
net315,4
net339,4
net627,4
net714,4
net762,4
_2586_,3.99
_0903_,3.98
_1011_,3.98
_1751_,3.98
_2207_,3.98
_2797_,3.98
_0503_,3.965
psum_out0[6],3.93
psum_out1[1],3.93
_0488_,3.925
_0563_,3.925
_0675_,3.925
_0708_,3.925
_0397_,3.9
_0812_,3.9
_0979_,3.9
_1129_,3.9
_1233_,3.9
_1426_,3.9
_2264_,3.9
_2294_,3.9
_2411_,3.9
_2723_,3.9
_3121_,3.9
_3184_,3.9
_3270_,3.9
u_pe_array.u_fifo1.buffer\[3\]\[7\],3.9
u_pe_array.u_fifo1.buffer\[5\]\[11\],3.9
u_pe_array.u_fifo1.buffer\[6\]\[10\],3.9
u_pe_array.u_fifo2.buffer\[8\]\[8\],3.9
u_pe_array.u_fifo2.buffer\[1\]\[4\],3.885
_0253_,3.88
_0808_,3.88
_0907_,3.88
_1117_,3.88
_1422_,3.88
_1853_,3.88
_2011_,3.88
_2187_,3.88
_2339_,3.88
_2366_,3.88
_2490_,3.88
_2669_,3.88
_2718_,3.88
_2750_,3.88
_2854_,3.88
_3085_,3.88
_3139_,3.88
_3331_,3.88
u_pe_array.u_fifo2.buffer\[0\]\[5\],3.88
net203,3.88
net250,3.88
net309,3.88
net613,3.88
net804,3.88
_1635_,3.84
_1061_,3.78
net334,3.78
net383,3.78
net468,3.78
_0300_,3.76
_0304_,3.76
_0307_,3.76
_2357_,3.76
_2403_,3.76
_2929_,3.76
_3182_,3.76
net140,3.76
net213,3.74
net463,3.74
net472,3.74
_1318_,3.72
_0149_,3.705
_0520_,3.705
_0569_,3.705
_0570_,3.705
_0671_,3.705
_0639_,3.685
_1902_,3.68
_2168_,3.68
_2247_,3.68
_2813_,3.68
net126,3.68
net387,3.68
net395,3.68
net488,3.68
net586,3.68
net663,3.68
net682,3.68
net713,3.68
net726,3.68
_0043_,3.66
_0088_,3.66
_0143_,3.66
_0151_,3.66
_0237_,3.66
_0291_,3.66
_0377_,3.66
_0416_,3.66
_0595_,3.66
_2056_,3.66
_2509_,3.66
net187,3.66
net278,3.66
net700,3.66
net716,3.66
_0176_,3.64
_0899_,3.64
_1710_,3.64
_2253_,3.64
_2608_,3.64
net523,3.64
_0673_,3.585
_0032_,3.56
_0282_,3.56
_0748_,3.56
_1098_,3.56
_1464_,3.56
_2350_,3.56
_2404_,3.56
_2579_,3.56
_2701_,3.56
_2976_,3.56
u_pe_array.u_fifo1.buffer\[0\]\[9\],3.56
u_pe_array.u_fifo1.buffer\[1\]\[8\],3.56
u_pe_array.u_fifo1.buffer\[1\]\[9\],3.56
u_pe_array.u_fifo1.buffer\[2\]\[6\],3.56
u_pe_array.u_fifo1.buffer\[2\]\[7\],3.56
u_pe_array.u_fifo1.buffer\[3\]\[12\],3.56
u_pe_array.u_fifo1.buffer\[6\]\[8\],3.56
u_pe_array.u_fifo1.buffer\[8\]\[11\],3.56
u_pe_array.u_fifo2.buffer\[1\]\[6\],3.56
u_pe_array.u_fifo2.buffer\[1\]\[7\],3.56
u_pe_array.u_fifo2.buffer\[1\]\[8\],3.56
u_pe_array.u_fifo2.buffer\[1\]\[9\],3.56
u_pe_array.u_fifo2.buffer\[3\]\[7\],3.56
u_pe_array.u_fifo2.buffer\[4\]\[10\],3.56
u_pe_array.u_fifo2.buffer\[4\]\[6\],3.56
u_pe_array.u_fifo2.buffer\[4\]\[7\],3.56
u_pe_array.u_fifo2.buffer\[5\]\[11\],3.56
u_pe_array.u_fifo2.buffer\[6\]\[10\],3.56
u_pe_array.u_fifo2.buffer\[7\]\[8\],3.56
u_pe_array.u_fifo2.buffer\[8\]\[12\],3.56
u_pe_array.u_fifo2.buffer\[8\]\[7\],3.56
net159,3.56
_0002_,3.54
_0009_,3.54
_0065_,3.54
_0197_,3.54
_0221_,3.54
_0240_,3.54
_0325_,3.54
_0333_,3.54
_0364_,3.54
_0446_,3.54
_0993_,3.54
_1276_,3.54
_1427_,3.54
_1577_,3.54
_1617_,3.54
_1865_,3.54
_2355_,3.54
_3081_,3.54
_3258_,3.54
_3317_,3.54
_3336_,3.54
_3434_,3.54
u_pe_array.g_pe_row\[2\].g_pe_col\[1\].u_pe.move_reg\[10\],3.54
u_pe_array.g_pe_row\[2\].g_pe_col\[3\].u_pe.move_reg\[11\],3.54
u_pe_array.u_fifo1.buffer\[0\]\[7\],3.54
u_pe_array.u_fifo1.buffer\[3\]\[11\],3.54
u_pe_array.u_fifo1.buffer\[7\]\[12\],3.54
u_pe_array.u_fifo1.buffer\[8\]\[6\],3.54
u_pe_array.u_fifo2.buffer\[0\]\[8\],3.54
u_pe_array.u_fifo2.buffer\[2\]\[10\],3.54
u_pe_array.u_fifo2.buffer\[2\]\[7\],3.54
u_pe_array.u_fifo2.buffer\[6\]\[12\],3.54
u_pe_array.u_fifo2.buffer\[8\]\[9\],3.54
net194,3.54
net392,3.54
_0174_,3.52
_0201_,3.52
_1470_,3.52
_2711_,3.52
_3098_,3.52
_0527_,3.515
_0614_,3.505
_1995_,3.475
_0509_,3.465
_0620_,3.465
_0711_,3.465
_1901_,3.44
_2340_,3.44
_2725_,3.44
_3115_,3.44
_3408_,3.44
_3439_,3.44
_0050_,3.42
_0732_,3.42
_0738_,3.42
_0890_,3.42
_0983_,3.42
_1025_,3.42
_1029_,3.42
_1483_,3.42
_1517_,3.42
_1607_,3.42
_1645_,3.42
_1781_,3.42
_1809_,3.42
_1817_,3.42
_2138_,3.42
_2281_,3.42
_2431_,3.42
_2506_,3.42
_2564_,3.42
_2758_,3.42
_2773_,3.42
_2897_,3.42
_3015_,3.42
_3149_,3.42
_3223_,3.42
_3321_,3.42
_3436_,3.42
u_pe_array.g_pe_row\[0\].g_pe_col\[0\].u_pe.en_r,3.42
net179,3.42
net186,3.42
net521,3.42
_1405_,3.32
_1493_,3.32
net223,3.32
net228,3.32
net229,3.32
net249,3.32
net288,3.32
net295,3.32
net412,3.32
net475,3.32
_0249_,3.3
_0276_,3.3
_0478_,3.3
_1757_,3.3
_1980_,3.3
_2745_,3.3
_2892_,3.3
net389,3.3
net709,3.3
_0517_,3.295
_1000_,3.25
_0214_,3.245
_0468_,3.245
_0484_,3.245
_0485_,3.245
_0545_,3.245
_0616_,3.245
_0632_,3.245
_0702_,3.245
_0906_,3.23
_3099_,3.23
_0938_,3.22
_2222_,3.22
_2309_,3.22
u_pe_array.g_pe_row\[2\].g_pe_col\[1\].u_pe.move_reg\[7\],3.22
u_pe_array.g_pe_row\[3\].g_pe_col\[0\].u_pe.w_buffer\[0\],3.22
u_pe_array.g_pe_row\[3\].g_pe_col\[1\].u_pe.w_buffer\[0\],3.22
u_pe_array.g_pe_row\[3\].g_pe_col\[1\].u_pe.w_buffer\[1\],3.22
u_pe_array.g_pe_row\[3\].g_pe_col\[3\].u_pe.w_buffer\[0\],3.22
u_pe_array.g_pe_row\[3\].g_pe_col\[3\].u_pe.w_buffer\[1\],3.22
net420,3.22
net456,3.22
net481,3.22
net571,3.22
net601,3.22
net676,3.22
net718,3.22
net729,3.22
_0023_,3.2
_0072_,3.2
_0074_,3.2
_0092_,3.2
_0101_,3.2
_0150_,3.2
_0229_,3.2
_0352_,3.2
_0376_,3.2
_0421_,3.2
_0598_,3.2
_1289_,3.2
_1696_,3.2
_1748_,3.2
_1950_,3.2
_2012_,3.2
_2233_,3.2
u_pe_array.g_pe_row\[0\].g_pe_col\[0\].u_pe.w_reg\[1\],3.2
u_pe_array.g_pe_row\[0\].g_pe_col\[2\].u_pe.w_reg\[1\],3.2
net86,3.2
net365,3.2
net761,3.2
net822,3.2
_1632_,3.18
_0672_,3.175
_1364_,3.175
_0465_,3.145
_0621_,3.125
_0653_,3.125
_0682_,3.125
_0750_,3.1
_1016_,3.1
_1095_,3.1
_2485_,3.1
_2796_,3.1
_2888_,3.1
_2265_,3.09
_0039_,3.08
_0129_,3.08
_0140_,3.08
_0218_,3.08
_0235_,3.08
_0308_,3.08
_0342_,3.08
_0363_,3.08
_0388_,3.08
_0389_,3.08
_0441_,3.08
_0453_,3.08
_0805_,3.08
_0926_,3.08
_0991_,3.08
_1626_,3.08
_1981_,3.08
_2360_,3.08
_2617_,3.08
_2696_,3.08
_2729_,3.08
_2968_,3.08
_3027_,3.08
_3178_,3.08
_3241_,3.08
_3251_,3.08
_3274_,3.08
_3373_,3.08
_3432_,3.08
u_pe_array.u_fifo1.buffer\[1\]\[6\],3.08
u_pe_array.u_fifo1.buffer\[3\]\[6\],3.08
u_pe_array.u_fifo1.buffer\[4\]\[10\],3.08
u_pe_array.u_fifo1.buffer\[4\]\[8\],3.08
u_pe_array.u_fifo1.buffer\[8\]\[8\],3.08
u_pe_array.u_fifo2.buffer\[0\]\[3\],3.08
u_pe_array.u_fifo2.buffer\[0\]\[9\],3.08
u_pe_array.u_fifo2.buffer\[2\]\[8\],3.08
u_pe_array.u_fifo2.buffer\[3\]\[12\],3.08
net125,3.08
net208,3.08
net272,3.08
net285,3.08
net372,3.08
net400,3.08
net574,3.08
net581,3.08
net589,3.08
net681,3.08
net725,3.08
_0626_,3.055
_0522_,3.005
_0558_,3.005
_0583_,3.005
_0586_,3.005
_0677_,3.005
_0691_,3.005
_0715_,3.005
_0362_,2.98
_0920_,2.98
_0931_,2.98
_1676_,2.98
_1851_,2.98
_2842_,2.98
_3055_,2.98
_3197_,2.98
_3325_,2.98
_3418_,2.98
net662,2.98
_0896_,2.96
_1101_,2.96
_1110_,2.96
_1166_,2.96
_1244_,2.96
_1327_,2.96
_1459_,2.96
_1509_,2.96
_1554_,2.96
_1687_,2.96
_1700_,2.96
_1747_,2.96
_1762_,2.96
_1786_,2.96
_2134_,2.96
_2145_,2.96
_2249_,2.96
_2270_,2.96
_2383_,2.96
_2468_,2.96
_2544_,2.96
_2561_,2.96
_2674_,2.96
_2706_,2.96
_2714_,2.96
_2748_,2.96
_2789_,2.96
_2901_,2.96
_2997_,2.96
_3000_,2.96
u_pe_array.g_pe_row\[0\].g_pe_col\[3\].u_pe.w_reg\[1\],2.96
net150,2.96
net197,2.96
net246,2.96
net382,2.96
net406,2.96
net448,2.96
net527,2.96
net560,2.96
_0560_,2.945
_0011_,2.925
_0464_,2.885
_0543_,2.88
_0710_,2.88
_0142_,2.86
_0646_,2.86
net318,2.86
net325,2.86
net350,2.86
net500,2.86
net805,2.86
_0059_,2.84
_0113_,2.84
_0117_,2.84
_0243_,2.84
_0330_,2.84
_0426_,2.84
_1384_,2.84
_1778_,2.84
net191,2.84
_0709_,2.835
_0210_,2.785
_0544_,2.785
_0188_,2.765
_1375_,2.76
_1988_,2.76
_2476_,2.76
_2550_,2.76
_2795_,2.76
_2809_,2.76
_3156_,2.76
u_pe_array.g_pe_row\[3\].g_pe_col\[2\].u_pe.w_buffer\[0\],2.76
net257,2.76
net271,2.76
net281,2.76
net292,2.76
net337,2.76
net355,2.76
net367,2.76
net368,2.76
net465,2.76
net599,2.76
net607,2.76
net648,2.76
net670,2.76
net692,2.76
net731,2.76
net779,2.76
net800,2.76
_0071_,2.74
_0094_,2.74
_0107_,2.74
_0158_,2.74
_0179_,2.74
_0184_,2.74
_0233_,2.74
_0263_,2.74
_0274_,2.74
_0296_,2.74
_0378_,2.74
_0404_,2.74
_0411_,2.74
_0602_,2.74
_1173_,2.74
_1204_,2.74
_1529_,2.74
_1667_,2.74
u_pe_array.u_fifo2.wr_ptr\[0\],2.74
net147,2.74
net154,2.74
net206,2.74
net227,2.74
net260,2.74
net519,2.74
net665,2.74
net705,2.74
_0439_,2.72
_1353_,2.72
_1499_,2.72
_1701_,2.72
_2456_,2.72
_2649_,2.72
_0207_,2.715
_0469_,2.715
_0525_,2.715
_0551_,2.715
_0552_,2.715
_0554_,2.715
_0640_,2.715
_0688_,2.715
_0208_,2.705
_2121_,2.7
_0225_,2.64
_0246_,2.64
_0283_,2.64
_0303_,2.64
_0368_,2.64
_0823_,2.64
_1291_,2.64
_1343_,2.64
_1564_,2.64
_1599_,2.64
_1668_,2.64
_2034_,2.64
_2036_,2.64
_2116_,2.64
_2815_,2.64
_3144_,2.64
net647,2.64
net732,2.64
_0004_,2.62
_0038_,2.62
_0064_,2.62
_0168_,2.62
_0193_,2.62
_0234_,2.62
_0251_,2.62
_0256_,2.62
_0281_,2.62
_0321_,2.62
_0323_,2.62
_0340_,2.62
_0440_,2.62
_0789_,2.62
_0799_,2.62
_0845_,2.62
_1077_,2.62
_1083_,2.62
_1089_,2.62
_1090_,2.62
_1154_,2.62
_1187_,2.62
_1242_,2.62
_1293_,2.62
_1494_,2.62
_1652_,2.62
_2101_,2.62
_2567_,2.62
_2751_,2.62
_3188_,2.62
_3204_,2.62
_3246_,2.62
u_pe_array.g_pe_row\[3\].g_pe_col\[1\].u_pe.move_reg\[12\],2.62
u_pe_array.u_fifo1.buffer\[3\]\[8\],2.62
u_pe_array.u_fifo2.buffer\[0\]\[6\],2.62
u_pe_array.u_fifo2.buffer\[0\]\[7\],2.62
u_pe_array.u_fifo2.buffer\[7\]\[7\],2.62
u_pe_array.u_fifo2.buffer\[8\]\[11\],2.62
net245,2.62
net331,2.62
net485,2.62
net502,2.62
net512,2.62
net578,2.62
net660,2.62
net677,2.62
net724,2.62
net757,2.62
net809,2.62
_1952_,2.61
_0494_,2.595
_0652_,2.595
_0659_,2.595
_0528_,2.585
_0216_,2.545
_0535_,2.545
_0542_,2.545
_0547_,2.545
_0581_,2.545
_0582_,2.545
_0647_,2.545
_0685_,2.545
_0686_,2.545
_0690_,2.545
_0693_,2.545
_0716_,2.545
_0662_,2.52
_0929_,2.52
_1120_,2.52
_1240_,2.52
_1299_,2.52
_2098_,2.52
_2591_,2.52
_2685_,2.52
_3052_,2.52
_3190_,2.52
_3311_,2.52
_3401_,2.52
_3438_,2.52
net548,2.52
_0597_,2.5
_0733_,2.5
_0876_,2.5
_0949_,2.5
_0953_,2.5
_1167_,2.5
_1270_,2.5
_1346_,2.5
_1367_,2.5
_1540_,2.5
_1546_,2.5
_1558_,2.5
_1574_,2.5
_1663_,2.5
_1688_,2.5
_1693_,2.5
_1698_,2.5
_1732_,2.5
_1742_,2.5
_1752_,2.5
_1843_,2.5
_2229_,2.5
_2299_,2.5
_2325_,2.5
_2332_,2.5
_2346_,2.5
_2363_,2.5
_2434_,2.5
_2455_,2.5
_2458_,2.5
_2470_,2.5
_2580_,2.5
_2621_,2.5
_2662_,2.5
_2778_,2.5
_2826_,2.5
_2987_,2.5
_3073_,2.5
_3247_,2.5
_3267_,2.5
_3307_,2.5
_3350_,2.5
_3376_,2.5
_3411_,2.5
u_pe_array.u_fifo1.buffer\[6\]\[7\],2.5
net388,2.5
net432,2.5
_0548_,2.485
_0579_,2.485
_0624_,2.485
_0627_,2.485
_0678_,2.485
_0680_,2.485
_0705_,2.485
_0048_,2.465
_0467_,2.425
_0462_,2.42
_0641_,2.42
_0703_,2.42
_1890_,2.4
_3137_,2.4
net240,2.4
net268,2.4
net303,2.4
net346,2.4
net437,2.4
net486,2.4
net490,2.4
net564,2.4
net593,2.4
_0123_,2.38
u_pe_array.g_pe_row\[1\].g_pe_col\[3\].u_pe.w_reg\[1\],2.38
_0212_,2.375
_0492_,2.375
_0546_,2.375
_0557_,2.375
_0638_,2.375
_0700_,2.375
_0516_,2.325
_0568_,2.325
_0573_,2.325
_0689_,2.325
_0696_,2.325
_2803_,2.315
_0124_,2.31
_0436_,2.305
_0000_,2.3
_0894_,2.3
_0948_,2.3
_1079_,2.3
_1081_,2.3
_1478_,2.3
_1694_,2.3
_1869_,2.3
_1920_,2.3
_2200_,2.3
_2202_,2.3
_2548_,2.3
_2569_,2.3
_2607_,2.3
_2652_,2.3
_2834_,2.3
_2914_,2.3
_2916_,2.3
_2943_,2.3
_2956_,2.3
_3062_,2.3
_3064_,2.3
_3091_,2.3
u_fsm.next_state\[2\],2.3
net158,2.3
net205,2.3
net226,2.3
net231,2.3
net252,2.3
net263,2.3
net267,2.3
net270,2.3
net287,2.3
net289,2.3
net311,2.3
net320,2.3
net328,2.3
net332,2.3
net345,2.3
net348,2.3
net359,2.3
net360,2.3
net361,2.3
net369,2.3
net371,2.3
net373,2.3
net379,2.3
net407,2.3
net443,2.3
net457,2.3
net460,2.3
net466,2.3
net470,2.3
net471,2.3
net479,2.3
net480,2.3
net515,2.3
net516,2.3
net539,2.3
net566,2.3
net577,2.3
net580,2.3
net602,2.3
net608,2.3
net752,2.3
net764,2.3
_0005_,2.28
_0028_,2.28
_0082_,2.28
_0093_,2.28
_0097_,2.28
_0120_,2.28
_0128_,2.28
_0130_,2.28
_0135_,2.28
_0155_,2.28
_0163_,2.28
_0220_,2.28
_0230_,2.28
_0252_,2.28
_0353_,2.28
_0386_,2.28
_0407_,2.28
_0408_,2.28
_0409_,2.28
_0428_,2.28
_0432_,2.28
_0442_,2.28
_0443_,2.28
_0588_,2.28
_0590_,2.28
_1112_,2.28
_1217_,2.28
_1686_,2.28
_1996_,2.28
_2735_,2.28
_2961_,2.28
_2990_,2.28
_3268_,2.28
net124,2.28
net394,2.28
net507,2.28
net637,2.28
net704,2.28
net740,2.28
net748,2.28
_0644_,2.255
_0699_,2.255
_1730_,2.245
_0657_,2.225
_0013_,2.18
_0141_,2.18
_0156_,2.18
_0194_,2.18
_0280_,2.18
_0302_,2.18
_0356_,2.18
_0365_,2.18
_0391_,2.18
_0414_,2.18
_0475_,2.18
_0600_,2.18
_0858_,2.18
_0952_,2.18
_1014_,2.18
_1280_,2.18
_1560_,2.18
_2126_,2.18
_2175_,2.18
_2236_,2.18
_2373_,2.18
_2441_,2.18
_2763_,2.18
_2849_,2.18
_2931_,2.18
_2999_,2.18
_3012_,2.18
_3147_,2.18
net141,2.18
net145,2.18
net171,2.18
net233,2.18
net632,2.18
net674,2.18
net744,2.18
net759,2.18
_0016_,2.16
_0034_,2.16
_0066_,2.16
_0119_,2.16
_0161_,2.16
_0189_,2.16
_0191_,2.16
_0248_,2.16
_0273_,2.16
_0279_,2.16
_0293_,2.16
_0305_,2.16
_0311_,2.16
_0415_,2.16
_0480_,2.16
_0742_,2.16
_0829_,2.16
_0886_,2.16
_1131_,2.16
_1340_,2.16
_1518_,2.16
_1520_,2.16
_1579_,2.16
_1594_,2.16
_1621_,2.16
_1625_,2.16
_1716_,2.16
_1836_,2.16
_1839_,2.16
_1862_,2.16
_1956_,2.16
_2136_,2.16
_2163_,2.16
_2324_,2.16
_2386_,2.16
_2415_,2.16
_2446_,2.16
_2559_,2.16
_2597_,2.16
_2627_,2.16
_2639_,2.16
_2720_,2.16
_2823_,2.16
_2963_,2.16
_3003_,2.16
_3162_,2.16
_3260_,2.16
_3362_,2.16
_3381_,2.16
_3404_,2.16
u_fsm.state\[0\],2.16
u_pe_array.g_pe_row\[2\].g_pe_col\[1\].u_pe.move_reg\[6\],2.16
u_pe_array.g_pe_row\[3\].g_pe_col\[1\].u_pe.move_reg\[11\],2.16
u_pe_array.u_fifo1.buffer\[0\]\[11\],2.16
u_pe_array.u_fifo2.buffer\[1\]\[11\],2.16
u_pe_array.u_fifo2.buffer\[4\]\[9\],2.16
u_pe_array.u_fifo2.buffer\[6\]\[8\],2.16
net144,2.16
net148,2.16
net403,2.16
net411,2.16
net497,2.16
net591,2.16
net685,2.16
_0501_,2.125
_0512_,2.125
_0634_,2.125
_0650_,2.125
_0660_,2.125
_0695_,2.125
_0489_,2.085
_0490_,2.085
_0493_,2.085
_0500_,2.085
_0506_,2.085
_0507_,2.085
_0575_,2.085
_0577_,2.085
_0585_,2.085
_1209_,2.08
_0461_,2.06
_0704_,2.06
_0810_,2.06
_1031_,2.06
_1254_,2.06
_1440_,2.06
_1743_,2.06
_1763_,2.06
_1822_,2.06
_2460_,2.06
_2667_,2.06
_2844_,2.06
_2954_,2.06
_2988_,2.06
_3093_,2.06
_3185_,2.06
_3195_,2.06
_3214_,2.06
_3242_,2.06
_3248_,2.06
_3271_,2.06
_3279_,2.06
_3282_,2.06
_3309_,2.06
_3347_,2.06
_3357_,2.06
_3409_,2.06
_3414_,2.06
_2942_,2.055
_0593_,2.04
_0772_,2.04
_0900_,2.04
_0968_,2.04
_1153_,2.04
_1195_,2.04
_1238_,2.04
_1333_,2.04
_1371_,2.04
_1726_,2.04
_1782_,2.04
_1897_,2.04
_1982_,2.04
_2087_,2.04
_2093_,2.04
_2183_,2.04
_2197_,2.04
_2248_,2.04
_2263_,2.04
_2523_,2.04
_2680_,2.04
_3216_,2.04
u_pe_array.g_pe_row\[3\].g_pe_col\[1\].u_pe.w_reg\[1\],2.04
net36,2.04
net399,2.04
net434,2.04
net634,2.04
_0681_,2.035
_0205_,2.025
_0511_,2.025
_0518_,2.025
_0531_,2.025
_0539_,2.025
_0562_,2.025
_0631_,2.025
_0645_,2.025
_0655_,2.025
_0663_,2.025
_0707_,2.025
_0015_,2.005
_0031_,2.005
_0359_,2.005
_0457_,2.005
net353,1.94
net459,1.94
net532,1.94
net534,1.94
net553,1.94
_0538_,1.915
_0630_,1.915
_0463_,1.865
_0505_,1.865
_0534_,1.865
_0553_,1.865
_0651_,1.865
_0666_,1.865
_0670_,1.865
_0694_,1.865
_0698_,1.865
_0701_,1.865
_0713_,1.865
_1910_,1.845
_0083_,1.84
_0108_,1.84
_0171_,1.84
_0456_,1.84
_1054_,1.84
_1073_,1.84
_1370_,1.84
_1769_,1.84
_2050_,1.84
_2389_,1.84
_2807_,1.84
_2938_,1.84
_3056_,1.84
net137,1.84
net161,1.84
net172,1.84
net174,1.84
net188,1.84
net189,1.84
net190,1.84
net202,1.84
net215,1.84
net308,1.84
net362,1.84
net409,1.84
net416,1.84
net417,1.84
net429,1.84
net493,1.84
net503,1.84
net533,1.84
net541,1.84
net551,1.84
net588,1.84
net597,1.84
net611,1.84
net617,1.84
net620,1.84
net624,1.84
net626,1.84
net631,1.84
net633,1.84
net640,1.84
net641,1.84
net645,1.84
net649,1.84
net653,1.84
net666,1.84
net667,1.84
net668,1.84
net710,1.84
net712,1.84
net720,1.84
net728,1.84
net737,1.84
net741,1.84
net746,1.84
net749,1.84
net756,1.84
net768,1.84
net771,1.84
net780,1.84
net782,1.84
net793,1.84
net799,1.84
net806,1.84
net824,1.84
net826,1.84
_0044_,1.82
_0049_,1.82
_0057_,1.82
_0080_,1.82
_0085_,1.82
_0087_,1.82
_0100_,1.82
_0103_,1.82
_0122_,1.82
_0152_,1.82
_0157_,1.82
_0180_,1.82
_0232_,1.82
_0289_,1.82
_0306_,1.82
_0332_,1.82
_0346_,1.82
_0358_,1.82
_0396_,1.82
_0431_,1.82
_0472_,1.82
_0589_,1.82
_0591_,1.82
_0603_,1.82
_0605_,1.82
_1380_,1.82
_2081_,1.82
_2449_,1.82
_2950_,1.82
_3083_,1.82
u_pe_array.g_pe_row\[2\].g_pe_col\[0\].u_pe.w_reg\[1\],1.82
net41,1.82
net111,1.82
net121,1.82
net435,1.82
net693,1.82
net743,1.82
_0357_,1.75
_0746_,1.72
_0753_,1.72
_0771_,1.72
_0777_,1.72
_0811_,1.72
_0941_,1.72
_0961_,1.72
_1161_,1.72
_1913_,1.72
_2716_,1.72
_2879_,1.72
_3060_,1.72
_3072_,1.72
u_pe_array.g_pe_row\[0\].g_pe_col\[0\].u_pe.psum_shift_en_d,1.72
_0022_,1.7
_0046_,1.7
_0060_,1.7
_0096_,1.7
_0178_,1.7
_0247_,1.7
_0264_,1.7
_0277_,1.7
_0327_,1.7
_0366_,1.7
_0383_,1.7
_0425_,1.7
_0430_,1.7
_0458_,1.7
_0601_,1.7
_0749_,1.7
_1181_,1.7
_1391_,1.7
_1414_,1.7
_1415_,1.7
_1456_,1.7
_1639_,1.7
_1648_,1.7
_1744_,1.7
_1857_,1.7
_1917_,1.7
_2037_,1.7
_2064_,1.7
_2139_,1.7
_2181_,1.7
_2367_,1.7
_2435_,1.7
_2457_,1.7
_2874_,1.7
_2887_,1.7
_3031_,1.7
_3092_,1.7
net276,1.7
net317,1.7
net542,1.7
net584,1.7
net734,1.7
net735,1.7
net760,1.7
_0901_,1.6
_1121_,1.6
_1955_,1.6
_1997_,1.6
_2113_,1.6
_2318_,1.6
_3176_,1.6
_3177_,1.6
_3207_,1.6
_3211_,1.6
_3262_,1.6
_3263_,1.6
_3354_,1.6
_3358_,1.6
_3364_,1.6
_3421_,1.6
_3428_,1.6
_2057_,1.595
_0470_,1.575
_0578_,1.575
_0183_,1.545
net102,1.545
net177,1.545
net199,1.48
net222,1.48
net462,1.48
net590,1.48
_0613_,1.46
_0536_,1.405
_0549_,1.405
_0559_,1.405
_0561_,1.405
_0618_,1.405
_0642_,1.405
_0870_,1.38
_1052_,1.38
_1066_,1.38
_1297_,1.38
_1458_,1.38
_1537_,1.38
_1682_,1.38
_2070_,1.38
_2351_,1.38
_2542_,1.38
_2546_,1.38
_2575_,1.38
_2612_,1.38
_2654_,1.38
_2681_,1.38
_2788_,1.38
_2800_,1.38
_2811_,1.38
_2839_,1.38
_2883_,1.38
_3049_,1.38
_3088_,1.38
_3297_,1.38
net595,1.38
net612,1.38
net623,1.38
net673,1.38
net687,1.38
net787,1.38
net803,1.38
_0079_,1.36
_0147_,1.36
_0175_,1.36
_0236_,1.36
_0275_,1.36
_0318_,1.36
_0379_,1.36
_0406_,1.36
_0410_,1.36
_1861_,1.36
_1916_,1.36
_1978_,1.36
net294,1.36
net775,1.36
_0390_,1.26
_0424_,1.26
_1229_,1.26
_1442_,1.26
_1954_,1.26
_2832_,1.26
u_pe_array.u_fifo1.wr_ptr\[0\],1.26
_0826_,1.14
_0830_,1.14
_1127_,1.14
_1331_,1.14
_1649_,1.14
_1653_,1.14
_1801_,1.14
_2137_,1.14
_2141_,1.14
_2466_,1.14
_2853_,1.14
_2958_,1.14
_2986_,1.14
_3151_,1.14
_3173_,1.14
_3189_,1.14
_3219_,1.14
_3225_,1.14
_3236_,1.14
_3238_,1.14
_3243_,1.14
_3245_,1.14
_3249_,1.14
_3253_,1.14
_3264_,1.14
_3276_,1.14
_3278_,1.14
_3330_,1.14
_3361_,1.14
_3365_,1.14
_3369_,1.14
_3379_,1.14
_3384_,1.14
_3388_,1.14
_3405_,1.14
_3407_,1.14
_3417_,1.14
_3423_,1.14
_3424_,1.14
_3426_,1.14
_3440_,1.14
_0010_,1.085
_0126_,1.08
_2973_,1.02
net282,1.02
net492,1.02
_1020_,0.92
_1157_,0.92
_1418_,0.92
_1428_,0.92
_1785_,0.92
_1875_,0.92
_2040_,0.92
_2173_,0.92
_2489_,0.92
_2894_,0.92
_3037_,0.92
_3289_,0.92
net374,0.92
net604,0.92
_0259_,0.8
_0312_,0.8
_0315_,0.8
_0343_,0.8
_1024_,0.8
_1777_,0.8
_1779_,0.8
_1871_,0.8
_1947_,0.8
_2130_,0.8
_2188_,0.8
_2291_,0.8
_2369_,0.8
_2582_,0.8
_2585_,0.8
_2978_,0.8
_3095_,0.8
_1222_,0.46
_1349_,0.46
_1352_,0.46
_1551_,0.46
_1613_,0.46
_1631_,0.46
_1940_,0.46
_2106_,0.46
_2423_,0.46
_2517_,0.46
_2558_,0.46
_2626_,0.46
_2688_,0.46
_3293_,0.46
u_pe_array.g_pe_row\[0\].g_pe_col\[1\].u_pe.move_reg\[12\],0.46
u_pe_array.g_pe_row\[3\].g_pe_col\[1\].u_pe.move_reg\[6\],0.46
net286,0.46
net322,0.46
net363,0.46
net385,0.46
net391,0.46
net410,0.46
net424,0.46
net449,0.46
net504,0.46
net543,0.46
net546,0.46
net629,0.46
net636,0.46
net679,0.46
net773,0.46
net783,0.46
net792,0.46
